Using pre-set license
Built from '6000.0/staging' branch; Version is '6000.0.47f1 (2ad1ed33fd3b) revision 2806253'; Using compiler version '193933523'; Build Type 'Release'
OS: 'Windows 11  (10.0.26100) 64bit Professional' Language: 'es' Physical Memory: 31849 MB
BatchMode: 1, IsHumanControllingUs: 0, StartBugReporterOnCrash: 0, Is64bit: 1, IsPro: 1

COMMAND LINE ARGUMENTS:
C:\Program Files\Unity\Hub\Editor\6000.0.47f1\Editor\Unity.exe
-adb2
-batchMode
-noUpm
-name
AssetImportWorker1
-projectPath
C:/Users/pauga/Documents/GitHub/Eldoria-The-Game/Eldoria
-logFile
Logs/AssetImportWorker1.log
-srvPort
54339
-job-worker-count
15
-background-job-worker-count
8
-gc-helper-count
1
Successfully changed project path to: C:/Users/pauga/Documents/GitHub/Eldoria-The-Game/Eldoria
C:/Users/pauga/Documents/GitHub/Eldoria-The-Game/Eldoria
[UnityMemory] Configuration Parameters - Can be set up in boot.config
    "memorysetup-bucket-allocator-granularity=16"
    "memorysetup-bucket-allocator-bucket-count=8"
    "memorysetup-bucket-allocator-block-size=33554432"
    "memorysetup-bucket-allocator-block-count=8"
    "memorysetup-main-allocator-block-size=16777216"
    "memorysetup-thread-allocator-block-size=16777216"
    "memorysetup-gfx-main-allocator-block-size=16777216"
    "memorysetup-gfx-thread-allocator-block-size=16777216"
    "memorysetup-cache-allocator-block-size=4194304"
    "memorysetup-typetree-allocator-block-size=2097152"
    "memorysetup-profiler-bucket-allocator-granularity=16"
    "memorysetup-profiler-bucket-allocator-bucket-count=8"
    "memorysetup-profiler-bucket-allocator-block-size=33554432"
    "memorysetup-profiler-bucket-allocator-block-count=8"
    "memorysetup-profiler-allocator-block-size=16777216"
    "memorysetup-profiler-editor-allocator-block-size=1048576"
    "memorysetup-temp-allocator-size-main=16777216"
    "memorysetup-job-temp-allocator-block-size=2097152"
    "memorysetup-job-temp-allocator-block-size-background=1048576"
    "memorysetup-job-temp-allocator-reduction-small-platforms=262144"
    "memorysetup-allocator-temp-initial-block-size-main=262144"
    "memorysetup-allocator-temp-initial-block-size-worker=262144"
    "memorysetup-temp-allocator-size-background-worker=32768"
    "memorysetup-temp-allocator-size-job-worker=262144"
    "memorysetup-temp-allocator-size-preload-manager=33554432"
    "memorysetup-temp-allocator-size-nav-mesh-worker=65536"
    "memorysetup-temp-allocator-size-audio-worker=65536"
    "memorysetup-temp-allocator-size-cloud-worker=32768"
    "memorysetup-temp-allocator-size-gi-baking-worker=262144"
    "memorysetup-temp-allocator-size-gi-baking-worker=262144"
    "memorysetup-temp-allocator-size-gi-baking-worker=262144"
    "memorysetup-temp-allocator-size-gi-baking-worker=262144"
    "memorysetup-temp-allocator-size-gi-baking-worker=262144"
    "memorysetup-temp-allocator-size-gfx=262144"
Player connection [41532]  Target information:

Player connection [41532]  * "[IP] 192.168.1.52 [Port] 0 [Flags] 2 [Guid] 2008498872 [EditorId] 2008498872 [Version] 1048832 [Id] WindowsEditor(7,PcPau) [Debug] 1 [PackageName] WindowsEditor [ProjectName] Editor" 

Player connection [41532] Host joined multi-casting on [225.0.0.222:54997]...
Player connection [41532] Host joined alternative multi-casting on [225.0.0.222:34997]...
JobSystem: Creating JobQueue using job-worker-count value 15
Input System module state changed to: Initialized.
[Physics::Module] Initialized fallback backend.
[Physics::Module] Id: 0xdecafbad
Library Redirect Path: Library/
[Physics::Module] Selected backend.
[Physics::Module] Name: PhysX
[Physics::Module] Id: 0xf2b8ea05
[Physics::Module] SDK Version: 4.1.2
[Physics::Module] Integration Version: 1.0.0
[Physics::Module] Threading Mode: Multi-Threaded
Refreshing native plugins compatible for Editor in 1.26 ms, found 3 plugins.
Preloading 0 native plugins for Editor in 0.00 ms.
Initialize engine version: 6000.0.47f1 (2ad1ed33fd3b)
[Subsystems] Discovering subsystems at path C:/Program Files/Unity/Hub/Editor/6000.0.47f1/Editor/Data/Resources/UnitySubsystems
[Subsystems] Discovering subsystems at path C:/Users/pauga/Documents/GitHub/Eldoria-The-Game/Eldoria/Assets
GfxDevice: creating device client; kGfxThreadingModeNonThreaded
Direct3D:
    Version:  Direct3D 11.0 [level 11.1]
    Renderer: NVIDIA GeForce RTX 4060 Ti (ID=0x2803)
    Vendor:   NVIDIA
    VRAM:     7949 MB
    Driver:   32.0.15.7652
Initialize mono
Mono path[0] = 'C:/Program Files/Unity/Hub/Editor/6000.0.47f1/Editor/Data/Managed'
Mono path[1] = 'C:/Program Files/Unity/Hub/Editor/6000.0.47f1/Editor/Data/MonoBleedingEdge/lib/mono/unityjit-win32'
Mono config path = 'C:/Program Files/Unity/Hub/Editor/6000.0.47f1/Editor/Data/MonoBleedingEdge/etc'
Using monoOptions --debugger-agent=transport=dt_socket,embedding=1,server=y,suspend=n,address=127.0.0.1:56028
Begin MonoManager ReloadAssembly
Registering precompiled unity dll's ...
Register platform support module: C:/Program Files/Unity/Hub/Editor/6000.0.47f1/Editor/Data/PlaybackEngines/WebGLSupport/UnityEditor.WebGL.Extensions.dll
Register platform support module: C:/Program Files/Unity/Hub/Editor/6000.0.47f1/Editor/Data/PlaybackEngines/WindowsStandaloneSupport/UnityEditor.WindowsStandalone.Extensions.dll
Registered in 0.002823 seconds.
- Loaded All Assemblies, in  0.250 seconds
Native extension for WindowsStandalone target not found
Native extension for WebGL target not found
Mono: successfully reloaded assembly
- Finished resetting the current domain, in  0.211 seconds
Domain Reload Profiling: 459ms
	BeginReloadAssembly (80ms)
		ExecutionOrderSort (0ms)
		DisableScriptedObjects (0ms)
		BackupInstance (0ms)
		ReleaseScriptingObjects (0ms)
		CreateAndSetChildDomain (1ms)
	RebuildCommonClasses (24ms)
	RebuildNativeTypeToScriptingClass (8ms)
	initialDomainReloadingComplete (35ms)
	LoadAllAssembliesAndSetupDomain (101ms)
		LoadAssemblies (78ms)
		RebuildTransferFunctionScriptingTraits (0ms)
		AnalyzeDomain (99ms)
			TypeCache.Refresh (98ms)
				TypeCache.ScanAssembly (89ms)
			BuildScriptInfoCaches (0ms)
			ResolveRequiredComponents (0ms)
	FinalizeReload (211ms)
		ReleaseScriptCaches (0ms)
		RebuildScriptCaches (0ms)
		SetupLoadedEditorAssemblies (181ms)
			LogAssemblyErrors (0ms)
			InitializePlatformSupportModulesInManaged (14ms)
			SetLoadedEditorAssemblies (3ms)
			BeforeProcessingInitializeOnLoad (34ms)
			ProcessInitializeOnLoadAttributes (96ms)
			ProcessInitializeOnLoadMethodAttributes (34ms)
			AfterProcessingInitializeOnLoad (0ms)
			EditorAssembliesLoaded (0ms)
		ExecutionOrderSort2 (0ms)
		AwakeInstancesAfterBackupRestoration (0ms)
========================================================================
Worker process is ready to serve import requests
Import Worker Mode flag is 0x00
Begin MonoManager ReloadAssembly
- Loaded All Assemblies, in  0.496 seconds
Refreshing native plugins compatible for Editor in 0.82 ms, found 3 plugins.
Native extension for WindowsStandalone target not found
Native extension for WebGL target not found
Mono: successfully reloaded assembly
- Finished resetting the current domain, in  0.487 seconds
Domain Reload Profiling: 979ms
	BeginReloadAssembly (114ms)
		ExecutionOrderSort (0ms)
		DisableScriptedObjects (4ms)
		BackupInstance (0ms)
		ReleaseScriptingObjects (0ms)
		CreateAndSetChildDomain (26ms)
	RebuildCommonClasses (23ms)
	RebuildNativeTypeToScriptingClass (8ms)
	initialDomainReloadingComplete (26ms)
	LoadAllAssembliesAndSetupDomain (320ms)
		LoadAssemblies (235ms)
		RebuildTransferFunctionScriptingTraits (0ms)
		AnalyzeDomain (148ms)
			TypeCache.Refresh (108ms)
				TypeCache.ScanAssembly (98ms)
			BuildScriptInfoCaches (31ms)
			ResolveRequiredComponents (7ms)
	FinalizeReload (488ms)
		ReleaseScriptCaches (0ms)
		RebuildScriptCaches (0ms)
		SetupLoadedEditorAssemblies (384ms)
			LogAssemblyErrors (0ms)
			InitializePlatformSupportModulesInManaged (2ms)
			SetLoadedEditorAssemblies (3ms)
			BeforeProcessingInitializeOnLoad (72ms)
			ProcessInitializeOnLoadAttributes (249ms)
			ProcessInitializeOnLoadMethodAttributes (53ms)
			AfterProcessingInitializeOnLoad (5ms)
			EditorAssembliesLoaded (0ms)
		ExecutionOrderSort2 (0ms)
		AwakeInstancesAfterBackupRestoration (4ms)
Launched and connected shader compiler UnityShaderCompiler.exe after 0.01 seconds
Refreshing native plugins compatible for Editor in 1.51 ms, found 3 plugins.
Preloading 0 native plugins for Editor in 0.00 ms.
Unloading 213 Unused Serialized files (Serialized files now loaded: 0)
Unloading 5999 unused Assets / (4.3 MB). Loaded Objects now: 6708.
Memory consumption went from 172.6 MB to 168.2 MB.
Total: 14.207100 ms (FindLiveObjects: 1.390400 ms CreateObjectMapping: 1.214000 ms MarkObjects: 7.295000 ms  DeleteObjects: 4.305300 ms)

========================================================================
Received Import Request.
  Time since last request: 439219.342183 seconds.
  path: Assets/TerrainData_70c796d1-0783-487b-9530-8dad0baf7ee0.asset
  artifactKey: Guid(d52342be3ac10924cbcea9b8b4a8e230) Importer(815301076,1909f56bfc062723c751e8b465ee728b)
Start importing Assets/TerrainData_70c796d1-0783-487b-9530-8dad0baf7ee0.asset using Guid(d52342be3ac10924cbcea9b8b4a8e230) Importer(815301076,1909f56bfc062723c751e8b465ee728b) (PreviewImporter) -> (artifact id: '0f293bf28713762108db0a109cc61548') in 0.0263694 seconds
Number of updated asset objects reloaded before import = 0Number of asset objects unloaded after import = 1

========================================================================
Received Import Request.
  Time since last request: 761.002358 seconds.
  path: Assets/Happy Little Trees - Free nature pack by Nebula/Prefabs/Trees/Ash/AshClutter_002.prefab
  artifactKey: Guid(f9d865e39e587894da6ceae134fbdec6) Importer(815301076,1909f56bfc062723c751e8b465ee728b)
Start importing Assets/Happy Little Trees - Free nature pack by Nebula/Prefabs/Trees/Ash/AshClutter_002.prefab using Guid(f9d865e39e587894da6ceae134fbdec6) Importer(815301076,1909f56bfc062723c751e8b465ee728b) (PreviewImporter) -> (artifact id: '66da83de1f9e6bc011937bc9fee5e099') in 0.306423 seconds
Number of updated asset objects reloaded before import = 0Number of asset objects unloaded after import = 9

========================================================================
Received Import Request.
  Time since last request: 0.000023 seconds.
  path: Assets/Happy Little Trees - Free nature pack by Nebula/Prefabs/Trees/Ash/AshDead.prefab
  artifactKey: Guid(daafbb87391e0b440aad7fe56d9ebe18) Importer(815301076,1909f56bfc062723c751e8b465ee728b)
Start importing Assets/Happy Little Trees - Free nature pack by Nebula/Prefabs/Trees/Ash/AshDead.prefab using Guid(daafbb87391e0b440aad7fe56d9ebe18) Importer(815301076,1909f56bfc062723c751e8b465ee728b) (PreviewImporter) -> (artifact id: 'de8d8510ac8f203bff948b993a094a68') in 0.007506 seconds
Number of updated asset objects reloaded before import = 0Number of asset objects unloaded after import = 9

========================================================================
Received Import Request.
  Time since last request: 1.318927 seconds.
  path: Assets/VikingAsset/Prefabs/Axe.prefab
  artifactKey: Guid(71ae7830a3000ac439fdc25d308d8f11) Importer(815301076,1909f56bfc062723c751e8b465ee728b)
Start importing Assets/VikingAsset/Prefabs/Axe.prefab using Guid(71ae7830a3000ac439fdc25d308d8f11) Importer(815301076,1909f56bfc062723c751e8b465ee728b) (PreviewImporter) -> (artifact id: '731832ce7151b4c08c9ee49568328b8f') in 0.0308243 seconds
Number of updated asset objects reloaded before import = 0Number of asset objects unloaded after import = 9

========================================================================
Received Import Request.
  Time since last request: 0.514292 seconds.
  path: Assets/AA_UniversalCharacter/Prefabs/Props/Axe_AA_001.prefab
  artifactKey: Guid(203571b4bfc0294499a992583d102120) Importer(815301076,1909f56bfc062723c751e8b465ee728b)
Start importing Assets/AA_UniversalCharacter/Prefabs/Props/Axe_AA_001.prefab using Guid(203571b4bfc0294499a992583d102120) Importer(815301076,1909f56bfc062723c751e8b465ee728b) (PreviewImporter) -> (artifact id: '6f210c26a50ab5f695afcec50d6546a3') in 0.0110414 seconds
Number of updated asset objects reloaded before import = 0Number of asset objects unloaded after import = 9

========================================================================
Received Import Request.
  Time since last request: 4.469310 seconds.
  path: Assets/HQP STUDIOS/Rocks and Terrains Pack - Low Poly/Models/Rocks/Block Rocks/Moss Block Rocks/Block_Moss_Rock_27.fbx
  artifactKey: Guid(18a91d849086d0f44bc16c3aace8ea42) Importer(815301076,1909f56bfc062723c751e8b465ee728b)
Start importing Assets/HQP STUDIOS/Rocks and Terrains Pack - Low Poly/Models/Rocks/Block Rocks/Moss Block Rocks/Block_Moss_Rock_27.fbx using Guid(18a91d849086d0f44bc16c3aace8ea42) Importer(815301076,1909f56bfc062723c751e8b465ee728b) (PreviewImporter) -> (artifact id: '0f073fa6c792a64020e3b5fc05aa4e49') in 0.0458309 seconds
Number of updated asset objects reloaded before import = 0Number of asset objects unloaded after import = 9

========================================================================
Received Import Request.
  Time since last request: 0.247761 seconds.
  path: Assets/HQP STUDIOS/Rocks and Terrains Pack - Low Poly/Models/Rocks/Block Rocks/Moss Block Rocks/Block_Moss_Rock_28.fbx
  artifactKey: Guid(716c6576275772b43b5144848de22125) Importer(815301076,1909f56bfc062723c751e8b465ee728b)
Start importing Assets/HQP STUDIOS/Rocks and Terrains Pack - Low Poly/Models/Rocks/Block Rocks/Moss Block Rocks/Block_Moss_Rock_28.fbx using Guid(716c6576275772b43b5144848de22125) Importer(815301076,1909f56bfc062723c751e8b465ee728b) (PreviewImporter) -> (artifact id: '930c198ddf4cdd0bdf1a5e689d445325') in 0.0115949 seconds
Number of updated asset objects reloaded before import = 0Number of asset objects unloaded after import = 9

========================================================================
Received Import Request.
  Time since last request: 0.017834 seconds.
  path: Assets/HQP STUDIOS/Rocks and Terrains Pack - Low Poly/Models/Rocks/Block Rocks/Moss Block Rocks/Block_Moss_Rock_29.fbx
  artifactKey: Guid(a520cfa44132b044c849dabd8309d203) Importer(815301076,1909f56bfc062723c751e8b465ee728b)
Start importing Assets/HQP STUDIOS/Rocks and Terrains Pack - Low Poly/Models/Rocks/Block Rocks/Moss Block Rocks/Block_Moss_Rock_29.fbx using Guid(a520cfa44132b044c849dabd8309d203) Importer(815301076,1909f56bfc062723c751e8b465ee728b) (PreviewImporter) -> (artifact id: '93173600194f400b6d5bb7e487213a14') in 0.0111547 seconds
Number of updated asset objects reloaded before import = 0Number of asset objects unloaded after import = 9

========================================================================
Received Import Request.
  Time since last request: 0.000017 seconds.
  path: Assets/HQP STUDIOS/Rocks and Terrains Pack - Low Poly/Prefabs/Rocks/Block Rocks/Moss Block Rocks/Block_Moss_Rock_30.prefab
  artifactKey: Guid(da3f2af78330e8d4f8dafa993f372534) Importer(815301076,1909f56bfc062723c751e8b465ee728b)
Start importing Assets/HQP STUDIOS/Rocks and Terrains Pack - Low Poly/Prefabs/Rocks/Block Rocks/Moss Block Rocks/Block_Moss_Rock_30.prefab using Guid(da3f2af78330e8d4f8dafa993f372534) Importer(815301076,1909f56bfc062723c751e8b465ee728b) (PreviewImporter) -> (artifact id: '091f752df6d445ad30098a0266fe6e2f') in 0.0094408 seconds
Number of updated asset objects reloaded before import = 0Number of asset objects unloaded after import = 15

========================================================================
Received Import Request.
  Time since last request: 0.000016 seconds.
  path: Assets/HQP STUDIOS/Rocks and Terrains Pack - Low Poly/Prefabs/Rocks/Block Rocks/Moss Block Rocks/Block_Moss_Rock_31.prefab
  artifactKey: Guid(125d5312880bdb24081b708902220e9b) Importer(815301076,1909f56bfc062723c751e8b465ee728b)
Start importing Assets/HQP STUDIOS/Rocks and Terrains Pack - Low Poly/Prefabs/Rocks/Block Rocks/Moss Block Rocks/Block_Moss_Rock_31.prefab using Guid(125d5312880bdb24081b708902220e9b) Importer(815301076,1909f56bfc062723c751e8b465ee728b) (PreviewImporter) -> (artifact id: '90e74bbbf8eee79bb356839271d3dab4') in 0.0066385 seconds
Number of updated asset objects reloaded before import = 0Number of asset objects unloaded after import = 15

========================================================================
Received Import Request.
  Time since last request: 0.000018 seconds.
  path: Assets/HQP STUDIOS/Rocks and Terrains Pack - Low Poly/Prefabs/Rocks/Block Rocks/Moss Block Rocks/Block_Moss_Rock_32.prefab
  artifactKey: Guid(1bedd40e205da6c4cb6fbec03590fafb) Importer(815301076,1909f56bfc062723c751e8b465ee728b)
Start importing Assets/HQP STUDIOS/Rocks and Terrains Pack - Low Poly/Prefabs/Rocks/Block Rocks/Moss Block Rocks/Block_Moss_Rock_32.prefab using Guid(1bedd40e205da6c4cb6fbec03590fafb) Importer(815301076,1909f56bfc062723c751e8b465ee728b) (PreviewImporter) -> (artifact id: 'db3a71e068584ad52d892079b9a708b2') in 0.005454 seconds
Number of updated asset objects reloaded before import = 0Number of asset objects unloaded after import = 15

========================================================================
Received Import Request.
  Time since last request: 0.206051 seconds.
  path: Assets/HQP STUDIOS/Rocks and Terrains Pack - Low Poly/Prefabs/Rocks/Block Rocks/Moss Block Rocks/Block_Moss_Rock_33.prefab
  artifactKey: Guid(4eb7fc14227232a4e827f7aabc8c8f59) Importer(815301076,1909f56bfc062723c751e8b465ee728b)
Start importing Assets/HQP STUDIOS/Rocks and Terrains Pack - Low Poly/Prefabs/Rocks/Block Rocks/Moss Block Rocks/Block_Moss_Rock_33.prefab using Guid(4eb7fc14227232a4e827f7aabc8c8f59) Importer(815301076,1909f56bfc062723c751e8b465ee728b) (PreviewImporter) -> (artifact id: 'cc10d8812fe2d846c5298576fc1aec6f') in 0.0077728 seconds
Number of updated asset objects reloaded before import = 0Number of asset objects unloaded after import = 15

========================================================================
Received Import Request.
  Time since last request: 0.022218 seconds.
  path: Assets/HQP STUDIOS/Rocks and Terrains Pack - Low Poly/Prefabs/Rocks/Block Rocks/Moss Block Rocks/Block_Moss_Rock_34.prefab
  artifactKey: Guid(845279d098ed07a47966ce0f9bb0353f) Importer(815301076,1909f56bfc062723c751e8b465ee728b)
Start importing Assets/HQP STUDIOS/Rocks and Terrains Pack - Low Poly/Prefabs/Rocks/Block Rocks/Moss Block Rocks/Block_Moss_Rock_34.prefab using Guid(845279d098ed07a47966ce0f9bb0353f) Importer(815301076,1909f56bfc062723c751e8b465ee728b) (PreviewImporter) -> (artifact id: 'b951176d40048f34f36a33f4ecabc8a2') in 0.0057066 seconds
Number of updated asset objects reloaded before import = 0Number of asset objects unloaded after import = 15

========================================================================
Received Import Request.
  Time since last request: 0.000018 seconds.
  path: Assets/HQP STUDIOS/Rocks and Terrains Pack - Low Poly/Models/Rocks/Block Rocks/Moss Block Rocks/Block_Moss_Rock_35.fbx
  artifactKey: Guid(dcddc260a0eb0d9459fefd6f5b0edf73) Importer(815301076,1909f56bfc062723c751e8b465ee728b)
Start importing Assets/HQP STUDIOS/Rocks and Terrains Pack - Low Poly/Models/Rocks/Block Rocks/Moss Block Rocks/Block_Moss_Rock_35.fbx using Guid(dcddc260a0eb0d9459fefd6f5b0edf73) Importer(815301076,1909f56bfc062723c751e8b465ee728b) (PreviewImporter) -> (artifact id: '2f53e796a44188c1e9d81375b5409e28') in 0.0113771 seconds
Number of updated asset objects reloaded before import = 0Number of asset objects unloaded after import = 9

========================================================================
Received Import Request.
  Time since last request: 0.000019 seconds.
  path: Assets/HQP STUDIOS/Rocks and Terrains Pack - Low Poly/Models/Rocks/Block Rocks/Moss Block Rocks/Block_Moss_Rock_36.fbx
  artifactKey: Guid(d27229e074bba19408497be53c95cece) Importer(815301076,1909f56bfc062723c751e8b465ee728b)
Start importing Assets/HQP STUDIOS/Rocks and Terrains Pack - Low Poly/Models/Rocks/Block Rocks/Moss Block Rocks/Block_Moss_Rock_36.fbx using Guid(d27229e074bba19408497be53c95cece) Importer(815301076,1909f56bfc062723c751e8b465ee728b) (PreviewImporter) -> (artifact id: '575167e1713ea4082f67e737c145cbde') in 0.0111457 seconds
Number of updated asset objects reloaded before import = 0Number of asset objects unloaded after import = 9

========================================================================
Received Import Request.
  Time since last request: 0.214337 seconds.
  path: Assets/HQP STUDIOS/Rocks and Terrains Pack - Low Poly/Models/Rocks/Block Rocks/Moss Block Rocks/Block_Moss_Rock_37.fbx
  artifactKey: Guid(9cdc4da82f8c9684aaafe8eb5b12b9cf) Importer(815301076,1909f56bfc062723c751e8b465ee728b)
Start importing Assets/HQP STUDIOS/Rocks and Terrains Pack - Low Poly/Models/Rocks/Block Rocks/Moss Block Rocks/Block_Moss_Rock_37.fbx using Guid(9cdc4da82f8c9684aaafe8eb5b12b9cf) Importer(815301076,1909f56bfc062723c751e8b465ee728b) (PreviewImporter) -> (artifact id: '2edca442514550740767bb63092224fb') in 0.0096184 seconds
Number of updated asset objects reloaded before import = 0Number of asset objects unloaded after import = 9

========================================================================
Received Import Request.
  Time since last request: 0.000017 seconds.
  path: Assets/HQP STUDIOS/Rocks and Terrains Pack - Low Poly/Models/Rocks/Block Rocks/Moss Block Rocks/Block_Moss_Rock_38.fbx
  artifactKey: Guid(01ee94a56fcf76d4fb6c33e1e62c2969) Importer(815301076,1909f56bfc062723c751e8b465ee728b)
Start importing Assets/HQP STUDIOS/Rocks and Terrains Pack - Low Poly/Models/Rocks/Block Rocks/Moss Block Rocks/Block_Moss_Rock_38.fbx using Guid(01ee94a56fcf76d4fb6c33e1e62c2969) Importer(815301076,1909f56bfc062723c751e8b465ee728b) (PreviewImporter) -> (artifact id: '15f1055f7488d85a4307bc62e35cec5b') in 0.0112308 seconds
Number of updated asset objects reloaded before import = 0Number of asset objects unloaded after import = 9

========================================================================
Received Import Request.
  Time since last request: 0.007046 seconds.
  path: Assets/HQP STUDIOS/Rocks and Terrains Pack - Low Poly/Models/Rocks/Block Rocks/Moss Block Rocks/Block_Moss_Rock_39.fbx
  artifactKey: Guid(04ba7e5350507e6429f4fe2a83207afc) Importer(815301076,1909f56bfc062723c751e8b465ee728b)
Start importing Assets/HQP STUDIOS/Rocks and Terrains Pack - Low Poly/Models/Rocks/Block Rocks/Moss Block Rocks/Block_Moss_Rock_39.fbx using Guid(04ba7e5350507e6429f4fe2a83207afc) Importer(815301076,1909f56bfc062723c751e8b465ee728b) (PreviewImporter) -> (artifact id: '4e7dd0f82aa92fa69a7e0f1101c47c6f') in 0.0108425 seconds
Number of updated asset objects reloaded before import = 0Number of asset objects unloaded after import = 9

========================================================================
Received Import Request.
  Time since last request: 0.000028 seconds.
  path: Assets/HQP STUDIOS/Rocks and Terrains Pack - Low Poly/Models/Rocks/Block Rocks/Moss Block Rocks/Block_Moss_Rock_40.fbx
  artifactKey: Guid(9127bddeaf4ea294584893dfdc33e2e3) Importer(815301076,1909f56bfc062723c751e8b465ee728b)
Start importing Assets/HQP STUDIOS/Rocks and Terrains Pack - Low Poly/Models/Rocks/Block Rocks/Moss Block Rocks/Block_Moss_Rock_40.fbx using Guid(9127bddeaf4ea294584893dfdc33e2e3) Importer(815301076,1909f56bfc062723c751e8b465ee728b) (PreviewImporter) -> (artifact id: '1bc8107f7ac78c8180042e6150481280') in 0.0111225 seconds
Number of updated asset objects reloaded before import = 0Number of asset objects unloaded after import = 9

========================================================================
Received Import Request.
  Time since last request: 0.204802 seconds.
  path: Assets/HQP STUDIOS/Rocks and Terrains Pack - Low Poly/Prefabs/Rocks/Block Rocks/Block Rocks/Block_Rock_1.prefab
  artifactKey: Guid(22fb6a8eab434d1438b9ef699f43343f) Importer(815301076,1909f56bfc062723c751e8b465ee728b)
Start importing Assets/HQP STUDIOS/Rocks and Terrains Pack - Low Poly/Prefabs/Rocks/Block Rocks/Block Rocks/Block_Rock_1.prefab using Guid(22fb6a8eab434d1438b9ef699f43343f) Importer(815301076,1909f56bfc062723c751e8b465ee728b) (PreviewImporter) -> (artifact id: '1121b8bb14b9b879a305ea4531e3d691') in 0.0059066 seconds
Number of updated asset objects reloaded before import = 0Number of asset objects unloaded after import = 15

========================================================================
Received Import Request.
  Time since last request: 0.021351 seconds.
  path: Assets/HQP STUDIOS/Rocks and Terrains Pack - Low Poly/Prefabs/Rocks/Block Rocks/Block Rocks/Block_Rock_2.prefab
  artifactKey: Guid(797f63f7c87d3304f8e5caf27ade0e47) Importer(815301076,1909f56bfc062723c751e8b465ee728b)
Start importing Assets/HQP STUDIOS/Rocks and Terrains Pack - Low Poly/Prefabs/Rocks/Block Rocks/Block Rocks/Block_Rock_2.prefab using Guid(797f63f7c87d3304f8e5caf27ade0e47) Importer(815301076,1909f56bfc062723c751e8b465ee728b) (PreviewImporter) -> (artifact id: '0988cb256e17b24d058e1aeab9108577') in 0.0057839 seconds
Number of updated asset objects reloaded before import = 0Number of asset objects unloaded after import = 15

========================================================================
Received Import Request.
  Time since last request: 0.000019 seconds.
  path: Assets/HQP STUDIOS/Rocks and Terrains Pack - Low Poly/Models/Rocks/Block Rocks/Block Rocks/Block_Rock_3.fbx
  artifactKey: Guid(e1a0979ebb672a647b738acc7be37472) Importer(815301076,1909f56bfc062723c751e8b465ee728b)
Start importing Assets/HQP STUDIOS/Rocks and Terrains Pack - Low Poly/Models/Rocks/Block Rocks/Block Rocks/Block_Rock_3.fbx using Guid(e1a0979ebb672a647b738acc7be37472) Importer(815301076,1909f56bfc062723c751e8b465ee728b) (PreviewImporter) -> (artifact id: '2392e229c69341349884b05dbd5c4f77') in 0.0112204 seconds
Number of updated asset objects reloaded before import = 0Number of asset objects unloaded after import = 9

========================================================================
Received Import Request.
  Time since last request: 0.009632 seconds.
  path: Assets/HQP STUDIOS/Rocks and Terrains Pack - Low Poly/Models/Rocks/Block Rocks/Block Rocks/Block_Rock_4.fbx
  artifactKey: Guid(fb3483bd1afd6074c8ec01f3940775ca) Importer(815301076,1909f56bfc062723c751e8b465ee728b)
Start importing Assets/HQP STUDIOS/Rocks and Terrains Pack - Low Poly/Models/Rocks/Block Rocks/Block Rocks/Block_Rock_4.fbx using Guid(fb3483bd1afd6074c8ec01f3940775ca) Importer(815301076,1909f56bfc062723c751e8b465ee728b) (PreviewImporter) -> (artifact id: 'cae2ac742abac11a719de67256538fde') in 0.0100063 seconds
Number of updated asset objects reloaded before import = 0Number of asset objects unloaded after import = 9

========================================================================
Received Import Request.
  Time since last request: 0.000017 seconds.
  path: Assets/HQP STUDIOS/Rocks and Terrains Pack - Low Poly/Prefabs/Rocks/Block Rocks/Block Rocks/Block_Rock_5.prefab
  artifactKey: Guid(2a0f9e955f465ee4a8d9a60e4fa1e173) Importer(815301076,1909f56bfc062723c751e8b465ee728b)
Start importing Assets/HQP STUDIOS/Rocks and Terrains Pack - Low Poly/Prefabs/Rocks/Block Rocks/Block Rocks/Block_Rock_5.prefab using Guid(2a0f9e955f465ee4a8d9a60e4fa1e173) Importer(815301076,1909f56bfc062723c751e8b465ee728b) (PreviewImporter) -> (artifact id: '900e1e38679eeb0b3a5833c3918fc193') in 0.0052391 seconds
Number of updated asset objects reloaded before import = 0Number of asset objects unloaded after import = 15

========================================================================
Received Import Request.
  Time since last request: 0.228608 seconds.
  path: Assets/HQP STUDIOS/Rocks and Terrains Pack - Low Poly/Models/Rocks/Block Rocks/Block Rocks/Block_Rock_6.fbx
  artifactKey: Guid(4cb5f99797f35b0459f2a6f95db5c8d2) Importer(815301076,1909f56bfc062723c751e8b465ee728b)
Start importing Assets/HQP STUDIOS/Rocks and Terrains Pack - Low Poly/Models/Rocks/Block Rocks/Block Rocks/Block_Rock_6.fbx using Guid(4cb5f99797f35b0459f2a6f95db5c8d2) Importer(815301076,1909f56bfc062723c751e8b465ee728b) (PreviewImporter) -> (artifact id: '6a8952c703c7afdc89e73585b668d2ae') in 0.010794 seconds
Number of updated asset objects reloaded before import = 0Number of asset objects unloaded after import = 9

========================================================================
Received Import Request.
  Time since last request: 0.000021 seconds.
  path: Assets/HQP STUDIOS/Rocks and Terrains Pack - Low Poly/Models/Rocks/Block Rocks/Block Rocks/Block_Rock_7.fbx
  artifactKey: Guid(a4e519f6583f63b429b610ed782d6a55) Importer(815301076,1909f56bfc062723c751e8b465ee728b)
Start importing Assets/HQP STUDIOS/Rocks and Terrains Pack - Low Poly/Models/Rocks/Block Rocks/Block Rocks/Block_Rock_7.fbx using Guid(a4e519f6583f63b429b610ed782d6a55) Importer(815301076,1909f56bfc062723c751e8b465ee728b) (PreviewImporter) -> (artifact id: 'bb2a608fda968eaaa047f9532cbb0cd4') in 0.0096754 seconds
Number of updated asset objects reloaded before import = 0Number of asset objects unloaded after import = 9

========================================================================
Received Import Request.
  Time since last request: 0.006795 seconds.
  path: Assets/HQP STUDIOS/Rocks and Terrains Pack - Low Poly/Models/Rocks/Block Rocks/Block Rocks/Block_Rock_8.fbx
  artifactKey: Guid(74b8e78fceb87254a92b333d54cb1d0a) Importer(815301076,1909f56bfc062723c751e8b465ee728b)
Start importing Assets/HQP STUDIOS/Rocks and Terrains Pack - Low Poly/Models/Rocks/Block Rocks/Block Rocks/Block_Rock_8.fbx using Guid(74b8e78fceb87254a92b333d54cb1d0a) Importer(815301076,1909f56bfc062723c751e8b465ee728b) (PreviewImporter) -> (artifact id: '173f0ba3ce0db78d430965a007427b23') in 0.0103433 seconds
Number of updated asset objects reloaded before import = 0Number of asset objects unloaded after import = 9

========================================================================
Received Import Request.
  Time since last request: 0.000017 seconds.
  path: Assets/HQP STUDIOS/Rocks and Terrains Pack - Low Poly/Models/Rocks/Block Rocks/Block Rocks/Block_Rock_9.fbx
  artifactKey: Guid(f0cc928861f11364ea489f3db76bc44a) Importer(815301076,1909f56bfc062723c751e8b465ee728b)
Start importing Assets/HQP STUDIOS/Rocks and Terrains Pack - Low Poly/Models/Rocks/Block Rocks/Block Rocks/Block_Rock_9.fbx using Guid(f0cc928861f11364ea489f3db76bc44a) Importer(815301076,1909f56bfc062723c751e8b465ee728b) (PreviewImporter) -> (artifact id: 'fa4cc146cd18e49a048616164481643c') in 0.009907 seconds
Number of updated asset objects reloaded before import = 0Number of asset objects unloaded after import = 9

========================================================================
Received Import Request.
  Time since last request: 0.216940 seconds.
  path: Assets/HQP STUDIOS/Rocks and Terrains Pack - Low Poly/Prefabs/Rocks/Block Rocks/Block Rocks/Block_Rock_10.prefab
  artifactKey: Guid(99eeb89c1d4534141848e572439eac32) Importer(815301076,1909f56bfc062723c751e8b465ee728b)
Start importing Assets/HQP STUDIOS/Rocks and Terrains Pack - Low Poly/Prefabs/Rocks/Block Rocks/Block Rocks/Block_Rock_10.prefab using Guid(99eeb89c1d4534141848e572439eac32) Importer(815301076,1909f56bfc062723c751e8b465ee728b) (PreviewImporter) -> (artifact id: 'e13e6feac7bd6e059f4f5d22d9b44775') in 0.0056225 seconds
Number of updated asset objects reloaded before import = 0Number of asset objects unloaded after import = 15

========================================================================
Received Import Request.
  Time since last request: 0.007200 seconds.
  path: Assets/HQP STUDIOS/Rocks and Terrains Pack - Low Poly/Prefabs/Rocks/Block Rocks/Block Rocks/Block_Rock_11.prefab
  artifactKey: Guid(2156684fe98440242821227f62ef45ab) Importer(815301076,1909f56bfc062723c751e8b465ee728b)
Start importing Assets/HQP STUDIOS/Rocks and Terrains Pack - Low Poly/Prefabs/Rocks/Block Rocks/Block Rocks/Block_Rock_11.prefab using Guid(2156684fe98440242821227f62ef45ab) Importer(815301076,1909f56bfc062723c751e8b465ee728b) (PreviewImporter) -> (artifact id: '916dba5f2cbb3d71c6a8e4e6ffae3d11') in 0.0053356 seconds
Number of updated asset objects reloaded before import = 0Number of asset objects unloaded after import = 15

========================================================================
Received Import Request.
  Time since last request: 0.014043 seconds.
  path: Assets/HQP STUDIOS/Rocks and Terrains Pack - Low Poly/Prefabs/Rocks/Block Rocks/Block Rocks/Block_Rock_12.prefab
  artifactKey: Guid(c9ca6a0d77e842048a74da9e9effd688) Importer(815301076,1909f56bfc062723c751e8b465ee728b)
Start importing Assets/HQP STUDIOS/Rocks and Terrains Pack - Low Poly/Prefabs/Rocks/Block Rocks/Block Rocks/Block_Rock_12.prefab using Guid(c9ca6a0d77e842048a74da9e9effd688) Importer(815301076,1909f56bfc062723c751e8b465ee728b) (PreviewImporter) -> (artifact id: '0df03c4dbf0337c3edb6d9431a777612') in 0.0055364 seconds
Number of updated asset objects reloaded before import = 0Number of asset objects unloaded after import = 15

========================================================================
Received Import Request.
  Time since last request: 0.000020 seconds.
  path: Assets/HQP STUDIOS/Rocks and Terrains Pack - Low Poly/Prefabs/Rocks/Block Rocks/Block Rocks/Block_Rock_13.prefab
  artifactKey: Guid(62ead1d1b51a9e44282037cdea335084) Importer(815301076,1909f56bfc062723c751e8b465ee728b)
Start importing Assets/HQP STUDIOS/Rocks and Terrains Pack - Low Poly/Prefabs/Rocks/Block Rocks/Block Rocks/Block_Rock_13.prefab using Guid(62ead1d1b51a9e44282037cdea335084) Importer(815301076,1909f56bfc062723c751e8b465ee728b) (PreviewImporter) -> (artifact id: 'df65f44b5717d5bc7f1b699d0484bcdf') in 0.0056416 seconds
Number of updated asset objects reloaded before import = 0Number of asset objects unloaded after import = 15

========================================================================
Received Import Request.
  Time since last request: 0.014255 seconds.
  path: Assets/HQP STUDIOS/Rocks and Terrains Pack - Low Poly/Prefabs/Rocks/Block Rocks/Block Rocks/Block_Rock_14.prefab
  artifactKey: Guid(1409356451c924f468b8007970c59167) Importer(815301076,1909f56bfc062723c751e8b465ee728b)
Start importing Assets/HQP STUDIOS/Rocks and Terrains Pack - Low Poly/Prefabs/Rocks/Block Rocks/Block Rocks/Block_Rock_14.prefab using Guid(1409356451c924f468b8007970c59167) Importer(815301076,1909f56bfc062723c751e8b465ee728b) (PreviewImporter) -> (artifact id: '5ebbcf7011cc80c38eaf75901fe45a5e') in 0.0053065 seconds
Number of updated asset objects reloaded before import = 0Number of asset objects unloaded after import = 15

========================================================================
Received Import Request.
  Time since last request: 0.231115 seconds.
  path: Assets/HQP STUDIOS/Rocks and Terrains Pack - Low Poly/Prefabs/Rocks/Block Rocks/Block Rocks/Block_Rock_15.prefab
  artifactKey: Guid(a7c406c9e4134f249acc3c2ab49657d4) Importer(815301076,1909f56bfc062723c751e8b465ee728b)
Start importing Assets/HQP STUDIOS/Rocks and Terrains Pack - Low Poly/Prefabs/Rocks/Block Rocks/Block Rocks/Block_Rock_15.prefab using Guid(a7c406c9e4134f249acc3c2ab49657d4) Importer(815301076,1909f56bfc062723c751e8b465ee728b) (PreviewImporter) -> (artifact id: 'f6149adc050fa97dd39285771d4eceb1') in 0.0053739 seconds
Number of updated asset objects reloaded before import = 0Number of asset objects unloaded after import = 15

========================================================================
Received Import Request.
  Time since last request: 0.000019 seconds.
  path: Assets/HQP STUDIOS/Rocks and Terrains Pack - Low Poly/Prefabs/Rocks/Block Rocks/Block Rocks/Block_Rock_16.prefab
  artifactKey: Guid(809b240c79383ab4c8d20949579c69ce) Importer(815301076,1909f56bfc062723c751e8b465ee728b)
Start importing Assets/HQP STUDIOS/Rocks and Terrains Pack - Low Poly/Prefabs/Rocks/Block Rocks/Block Rocks/Block_Rock_16.prefab using Guid(809b240c79383ab4c8d20949579c69ce) Importer(815301076,1909f56bfc062723c751e8b465ee728b) (PreviewImporter) -> (artifact id: '2bd54d5b7c28e9c6c30b70c30a30b1a6') in 0.0054138 seconds
Number of updated asset objects reloaded before import = 0Number of asset objects unloaded after import = 15

========================================================================
Received Import Request.
  Time since last request: 0.019654 seconds.
  path: Assets/HQP STUDIOS/Rocks and Terrains Pack - Low Poly/Models/Rocks/Block Rocks/Block Rocks/Block_Rock_17.fbx
  artifactKey: Guid(7e995581dde04a245ad9269b28b3d516) Importer(815301076,1909f56bfc062723c751e8b465ee728b)
Start importing Assets/HQP STUDIOS/Rocks and Terrains Pack - Low Poly/Models/Rocks/Block Rocks/Block Rocks/Block_Rock_17.fbx using Guid(7e995581dde04a245ad9269b28b3d516) Importer(815301076,1909f56bfc062723c751e8b465ee728b) (PreviewImporter) -> (artifact id: '7d595a998cae997c4d28ba02b494947a') in 0.0103777 seconds
Number of updated asset objects reloaded before import = 0Number of asset objects unloaded after import = 9

========================================================================
Received Import Request.
  Time since last request: 0.000017 seconds.
  path: Assets/HQP STUDIOS/Rocks and Terrains Pack - Low Poly/Prefabs/Rocks/Block Rocks/Block Rocks/Block_Rock_18.prefab
  artifactKey: Guid(37640a01f05452144801d24c9f6c2dd7) Importer(815301076,1909f56bfc062723c751e8b465ee728b)
Start importing Assets/HQP STUDIOS/Rocks and Terrains Pack - Low Poly/Prefabs/Rocks/Block Rocks/Block Rocks/Block_Rock_18.prefab using Guid(37640a01f05452144801d24c9f6c2dd7) Importer(815301076,1909f56bfc062723c751e8b465ee728b) (PreviewImporter) -> (artifact id: '12bd7efe3413b9246f4e3a61dac30fae') in 0.0050443 seconds
Number of updated asset objects reloaded before import = 0Number of asset objects unloaded after import = 15

========================================================================
Received Import Request.
  Time since last request: 0.274382 seconds.
  path: Assets/HQP STUDIOS/Rocks and Terrains Pack - Low Poly/Models/Rocks/Block Rocks/Block Rocks/Block_Rock_19.fbx
  artifactKey: Guid(53f38bf45a6e0c546a0f576e826321b7) Importer(815301076,1909f56bfc062723c751e8b465ee728b)
Start importing Assets/HQP STUDIOS/Rocks and Terrains Pack - Low Poly/Models/Rocks/Block Rocks/Block Rocks/Block_Rock_19.fbx using Guid(53f38bf45a6e0c546a0f576e826321b7) Importer(815301076,1909f56bfc062723c751e8b465ee728b) (PreviewImporter) -> (artifact id: 'a8f7378017ba6171899e9226e15c6667') in 0.0099457 seconds
Number of updated asset objects reloaded before import = 0Number of asset objects unloaded after import = 9

========================================================================
Received Import Request.
  Time since last request: 0.000017 seconds.
  path: Assets/HQP STUDIOS/Rocks and Terrains Pack - Low Poly/Prefabs/Rocks/Block Rocks/Block Rocks/Block_Rock_20.prefab
  artifactKey: Guid(630473ea31ea31547a32c2d9dfa3e8c5) Importer(815301076,1909f56bfc062723c751e8b465ee728b)
Start importing Assets/HQP STUDIOS/Rocks and Terrains Pack - Low Poly/Prefabs/Rocks/Block Rocks/Block Rocks/Block_Rock_20.prefab using Guid(630473ea31ea31547a32c2d9dfa3e8c5) Importer(815301076,1909f56bfc062723c751e8b465ee728b) (PreviewImporter) -> (artifact id: '1d9211aaa2ff2a095746833a52d915f1') in 0.0056864 seconds
Number of updated asset objects reloaded before import = 0Number of asset objects unloaded after import = 15

========================================================================
Received Import Request.
  Time since last request: 0.010622 seconds.
  path: Assets/HQP STUDIOS/Rocks and Terrains Pack - Low Poly/Prefabs/Rocks/Block Rocks/Snow Block Rocks/Block_Snow_Rock_1.prefab
  artifactKey: Guid(b865499f5ce16d84d94b63d0446425f7) Importer(815301076,1909f56bfc062723c751e8b465ee728b)
Start importing Assets/HQP STUDIOS/Rocks and Terrains Pack - Low Poly/Prefabs/Rocks/Block Rocks/Snow Block Rocks/Block_Snow_Rock_1.prefab using Guid(b865499f5ce16d84d94b63d0446425f7) Importer(815301076,1909f56bfc062723c751e8b465ee728b) (PreviewImporter) -> (artifact id: '81a3e41de7c133713097c8399279ba77') in 0.0053111 seconds
Number of updated asset objects reloaded before import = 0Number of asset objects unloaded after import = 15

========================================================================
Received Import Request.
  Time since last request: 0.000018 seconds.
  path: Assets/HQP STUDIOS/Rocks and Terrains Pack - Low Poly/Models/Rocks/Block Rocks/Snow Block Rocks/Block_Snow_Rock_2.fbx
  artifactKey: Guid(2ccaca88e45a9564e807f0731a8759e1) Importer(815301076,1909f56bfc062723c751e8b465ee728b)
Start importing Assets/HQP STUDIOS/Rocks and Terrains Pack - Low Poly/Models/Rocks/Block Rocks/Snow Block Rocks/Block_Snow_Rock_2.fbx using Guid(2ccaca88e45a9564e807f0731a8759e1) Importer(815301076,1909f56bfc062723c751e8b465ee728b) (PreviewImporter) -> (artifact id: '21b9830ba511e73c0f84b3ede661da6b') in 0.0102421 seconds
Number of updated asset objects reloaded before import = 0Number of asset objects unloaded after import = 9

========================================================================
Received Import Request.
  Time since last request: 0.232624 seconds.
  path: Assets/HQP STUDIOS/Rocks and Terrains Pack - Low Poly/Models/Rocks/Block Rocks/Snow Block Rocks/Block_Snow_Rock_3.fbx
  artifactKey: Guid(afacae66f9a920c4fa4c9fb3db4ff4d8) Importer(815301076,1909f56bfc062723c751e8b465ee728b)
Start importing Assets/HQP STUDIOS/Rocks and Terrains Pack - Low Poly/Models/Rocks/Block Rocks/Snow Block Rocks/Block_Snow_Rock_3.fbx using Guid(afacae66f9a920c4fa4c9fb3db4ff4d8) Importer(815301076,1909f56bfc062723c751e8b465ee728b) (PreviewImporter) -> (artifact id: 'df3baa0858fc40774577989eedee24f8') in 0.0111914 seconds
Number of updated asset objects reloaded before import = 0Number of asset objects unloaded after import = 9

========================================================================
Received Import Request.
  Time since last request: 0.018624 seconds.
  path: Assets/HQP STUDIOS/Rocks and Terrains Pack - Low Poly/Models/Rocks/Block Rocks/Snow Block Rocks/Block_Snow_Rock_4.fbx
  artifactKey: Guid(3e4a1fa2332ddb9479389d6f4dfb72c2) Importer(815301076,1909f56bfc062723c751e8b465ee728b)
Start importing Assets/HQP STUDIOS/Rocks and Terrains Pack - Low Poly/Models/Rocks/Block Rocks/Snow Block Rocks/Block_Snow_Rock_4.fbx using Guid(3e4a1fa2332ddb9479389d6f4dfb72c2) Importer(815301076,1909f56bfc062723c751e8b465ee728b) (PreviewImporter) -> (artifact id: 'ba434d4b104aa27802612fab4d2d6d74') in 0.0109538 seconds
Number of updated asset objects reloaded before import = 0Number of asset objects unloaded after import = 9

========================================================================
Received Import Request.
  Time since last request: 0.000028 seconds.
  path: Assets/HQP STUDIOS/Rocks and Terrains Pack - Low Poly/Models/Rocks/Block Rocks/Snow Block Rocks/Block_Snow_Rock_5.fbx
  artifactKey: Guid(0df21029175fc0c41bef63dee3eb4349) Importer(815301076,1909f56bfc062723c751e8b465ee728b)
Start importing Assets/HQP STUDIOS/Rocks and Terrains Pack - Low Poly/Models/Rocks/Block Rocks/Snow Block Rocks/Block_Snow_Rock_5.fbx using Guid(0df21029175fc0c41bef63dee3eb4349) Importer(815301076,1909f56bfc062723c751e8b465ee728b) (PreviewImporter) -> (artifact id: 'f237406e6568231cf4cdbcbb3b7040f0') in 0.0099179 seconds
Number of updated asset objects reloaded before import = 0Number of asset objects unloaded after import = 9

========================================================================
Received Import Request.
  Time since last request: 0.003183 seconds.
  path: Assets/HQP STUDIOS/Rocks and Terrains Pack - Low Poly/Models/Rocks/Block Rocks/Snow Block Rocks/Block_Snow_Rock_6.fbx
  artifactKey: Guid(d3f6d86fea744dc4fa45a734b0b9e7ba) Importer(815301076,1909f56bfc062723c751e8b465ee728b)
Start importing Assets/HQP STUDIOS/Rocks and Terrains Pack - Low Poly/Models/Rocks/Block Rocks/Snow Block Rocks/Block_Snow_Rock_6.fbx using Guid(d3f6d86fea744dc4fa45a734b0b9e7ba) Importer(815301076,1909f56bfc062723c751e8b465ee728b) (PreviewImporter) -> (artifact id: '07374bf94d0600145f65fe151a688599') in 0.0105463 seconds
Number of updated asset objects reloaded before import = 0Number of asset objects unloaded after import = 9

========================================================================
Received Import Request.
  Time since last request: 0.008076 seconds.
  path: Assets/HQP STUDIOS/Rocks and Terrains Pack - Low Poly/Models/Rocks/Block Rocks/Snow Block Rocks/Block_Snow_Rock_7.fbx
  artifactKey: Guid(e55b6ffbcfad5c649b128bcf40b4302e) Importer(815301076,1909f56bfc062723c751e8b465ee728b)
Start importing Assets/HQP STUDIOS/Rocks and Terrains Pack - Low Poly/Models/Rocks/Block Rocks/Snow Block Rocks/Block_Snow_Rock_7.fbx using Guid(e55b6ffbcfad5c649b128bcf40b4302e) Importer(815301076,1909f56bfc062723c751e8b465ee728b) (PreviewImporter) -> (artifact id: 'cd203c8c1d08724ebc91f5c3cb93790f') in 0.0101114 seconds
Number of updated asset objects reloaded before import = 0Number of asset objects unloaded after import = 9

========================================================================
Received Import Request.
  Time since last request: 0.227591 seconds.
  path: Assets/HQP STUDIOS/Rocks and Terrains Pack - Low Poly/Models/Rocks/Block Rocks/Snow Block Rocks/Block_Snow_Rock_8.fbx
  artifactKey: Guid(057618952dba20c40a005ee9db446204) Importer(815301076,1909f56bfc062723c751e8b465ee728b)
Start importing Assets/HQP STUDIOS/Rocks and Terrains Pack - Low Poly/Models/Rocks/Block Rocks/Snow Block Rocks/Block_Snow_Rock_8.fbx using Guid(057618952dba20c40a005ee9db446204) Importer(815301076,1909f56bfc062723c751e8b465ee728b) (PreviewImporter) -> (artifact id: '159832fccab9bbb783737f203f6a8993') in 0.0103198 seconds
Number of updated asset objects reloaded before import = 0Number of asset objects unloaded after import = 9

========================================================================
Received Import Request.
  Time since last request: 0.000019 seconds.
  path: Assets/HQP STUDIOS/Rocks and Terrains Pack - Low Poly/Models/Rocks/Block Rocks/Snow Block Rocks/Block_Snow_Rock_9.fbx
  artifactKey: Guid(965da5dd689218b40bb15354b3423b41) Importer(815301076,1909f56bfc062723c751e8b465ee728b)
Start importing Assets/HQP STUDIOS/Rocks and Terrains Pack - Low Poly/Models/Rocks/Block Rocks/Snow Block Rocks/Block_Snow_Rock_9.fbx using Guid(965da5dd689218b40bb15354b3423b41) Importer(815301076,1909f56bfc062723c751e8b465ee728b) (PreviewImporter) -> (artifact id: 'efd2b2888ad5400b614a634f18e06992') in 0.0105925 seconds
Number of updated asset objects reloaded before import = 0Number of asset objects unloaded after import = 9

========================================================================
Received Import Request.
  Time since last request: 0.007204 seconds.
  path: Assets/HQP STUDIOS/Rocks and Terrains Pack - Low Poly/Models/Rocks/Block Rocks/Snow Block Rocks/Block_Snow_Rock_10.fbx
  artifactKey: Guid(5b220fa2b54c5504bb6ff1acbb128d33) Importer(815301076,1909f56bfc062723c751e8b465ee728b)
Start importing Assets/HQP STUDIOS/Rocks and Terrains Pack - Low Poly/Models/Rocks/Block Rocks/Snow Block Rocks/Block_Snow_Rock_10.fbx using Guid(5b220fa2b54c5504bb6ff1acbb128d33) Importer(815301076,1909f56bfc062723c751e8b465ee728b) (PreviewImporter) -> (artifact id: '091a67347b99996c93dd203a7b4fa35d') in 0.0103102 seconds
Number of updated asset objects reloaded before import = 0Number of asset objects unloaded after import = 9

========================================================================
Received Import Request.
  Time since last request: 0.000018 seconds.
  path: Assets/HQP STUDIOS/Rocks and Terrains Pack - Low Poly/Models/Rocks/Block Rocks/Snow Block Rocks/Block_Snow_Rock_11.fbx
  artifactKey: Guid(9887ab60450fbfc4aa6fdf92835ab669) Importer(815301076,1909f56bfc062723c751e8b465ee728b)
Start importing Assets/HQP STUDIOS/Rocks and Terrains Pack - Low Poly/Models/Rocks/Block Rocks/Snow Block Rocks/Block_Snow_Rock_11.fbx using Guid(9887ab60450fbfc4aa6fdf92835ab669) Importer(815301076,1909f56bfc062723c751e8b465ee728b) (PreviewImporter) -> (artifact id: 'a8e8204a8b2fe4e461ff8db07efae60a') in 0.0116817 seconds
Number of updated asset objects reloaded before import = 0Number of asset objects unloaded after import = 9

========================================================================
Received Import Request.
  Time since last request: 0.222939 seconds.
  path: Assets/HQP STUDIOS/Rocks and Terrains Pack - Low Poly/Prefabs/Rocks/Block Rocks/Snow Block Rocks/Block_Snow_Rock_12.prefab
  artifactKey: Guid(f4b0550cff8233a428b90cb68f7f9587) Importer(815301076,1909f56bfc062723c751e8b465ee728b)
Start importing Assets/HQP STUDIOS/Rocks and Terrains Pack - Low Poly/Prefabs/Rocks/Block Rocks/Snow Block Rocks/Block_Snow_Rock_12.prefab using Guid(f4b0550cff8233a428b90cb68f7f9587) Importer(815301076,1909f56bfc062723c751e8b465ee728b) (PreviewImporter) -> (artifact id: '2616c5bd6cf043ea593b62f2987b0df3') in 0.0056052 seconds
Number of updated asset objects reloaded before import = 0Number of asset objects unloaded after import = 15

========================================================================
Received Import Request.
  Time since last request: 0.000021 seconds.
  path: Assets/HQP STUDIOS/Rocks and Terrains Pack - Low Poly/Models/Rocks/Block Rocks/Snow Block Rocks/Block_Snow_Rock_13.fbx
  artifactKey: Guid(0d03eea8396df3145a4c94a72ed2838e) Importer(815301076,1909f56bfc062723c751e8b465ee728b)
Start importing Assets/HQP STUDIOS/Rocks and Terrains Pack - Low Poly/Models/Rocks/Block Rocks/Snow Block Rocks/Block_Snow_Rock_13.fbx using Guid(0d03eea8396df3145a4c94a72ed2838e) Importer(815301076,1909f56bfc062723c751e8b465ee728b) (PreviewImporter) -> (artifact id: 'd1dcf88cf25dcf427fe2a07dcd0b6dc0') in 0.0106912 seconds
Number of updated asset objects reloaded before import = 0Number of asset objects unloaded after import = 9

========================================================================
Received Import Request.
  Time since last request: 0.000065 seconds.
  path: Assets/HQP STUDIOS/Rocks and Terrains Pack - Low Poly/Models/Rocks/Block Rocks/Snow Block Rocks/Block_Snow_Rock_14.fbx
  artifactKey: Guid(59593fd6466d40149b2d716382f3bf39) Importer(815301076,1909f56bfc062723c751e8b465ee728b)
Start importing Assets/HQP STUDIOS/Rocks and Terrains Pack - Low Poly/Models/Rocks/Block Rocks/Snow Block Rocks/Block_Snow_Rock_14.fbx using Guid(59593fd6466d40149b2d716382f3bf39) Importer(815301076,1909f56bfc062723c751e8b465ee728b) (PreviewImporter) -> (artifact id: '433512e4322c6df6390192e2a7f76c6c') in 0.0106961 seconds
Number of updated asset objects reloaded before import = 0Number of asset objects unloaded after import = 9

========================================================================
Received Import Request.
  Time since last request: 0.010787 seconds.
  path: Assets/HQP STUDIOS/Rocks and Terrains Pack - Low Poly/Prefabs/Rocks/Block Rocks/Snow Block Rocks/Block_Snow_Rock_15.prefab
  artifactKey: Guid(c1f0c4293b7b1c54eb5d4bade40b81fb) Importer(815301076,1909f56bfc062723c751e8b465ee728b)
Start importing Assets/HQP STUDIOS/Rocks and Terrains Pack - Low Poly/Prefabs/Rocks/Block Rocks/Snow Block Rocks/Block_Snow_Rock_15.prefab using Guid(c1f0c4293b7b1c54eb5d4bade40b81fb) Importer(815301076,1909f56bfc062723c751e8b465ee728b) (PreviewImporter) -> (artifact id: '832c694aff63e897ec0e5dcc6edba6b6') in 0.0050176 seconds
Number of updated asset objects reloaded before import = 0Number of asset objects unloaded after import = 15

========================================================================
Received Import Request.
  Time since last request: 0.226807 seconds.
  path: Assets/HQP STUDIOS/Rocks and Terrains Pack - Low Poly/Prefabs/Rocks/Block Rocks/Snow Block Rocks/Block_Snow_Rock_16.prefab
  artifactKey: Guid(3e5c3b86edb58f74795408bb668351aa) Importer(815301076,1909f56bfc062723c751e8b465ee728b)
Start importing Assets/HQP STUDIOS/Rocks and Terrains Pack - Low Poly/Prefabs/Rocks/Block Rocks/Snow Block Rocks/Block_Snow_Rock_16.prefab using Guid(3e5c3b86edb58f74795408bb668351aa) Importer(815301076,1909f56bfc062723c751e8b465ee728b) (PreviewImporter) -> (artifact id: 'e88199dcf6c9ad45539bdc5eef39314e') in 0.0055089 seconds
Number of updated asset objects reloaded before import = 0Number of asset objects unloaded after import = 15

========================================================================
Received Import Request.
  Time since last request: 0.023871 seconds.
  path: Assets/HQP STUDIOS/Rocks and Terrains Pack - Low Poly/Prefabs/Rocks/Block Rocks/Snow Block Rocks/Block_Snow_Rock_17.prefab
  artifactKey: Guid(f1cb17ed1ffca0e428ccf9e97383039f) Importer(815301076,1909f56bfc062723c751e8b465ee728b)
Start importing Assets/HQP STUDIOS/Rocks and Terrains Pack - Low Poly/Prefabs/Rocks/Block Rocks/Snow Block Rocks/Block_Snow_Rock_17.prefab using Guid(f1cb17ed1ffca0e428ccf9e97383039f) Importer(815301076,1909f56bfc062723c751e8b465ee728b) (PreviewImporter) -> (artifact id: '916b369de70e4e031fb2e683f49df5b5') in 0.0052852 seconds
Number of updated asset objects reloaded before import = 0Number of asset objects unloaded after import = 15

========================================================================
Received Import Request.
  Time since last request: 0.000018 seconds.
  path: Assets/HQP STUDIOS/Rocks and Terrains Pack - Low Poly/Models/Rocks/Block Rocks/Snow Block Rocks/Block_Snow_Rock_18.fbx
  artifactKey: Guid(c3f3cc6e25bbb624ebc15326ce279799) Importer(815301076,1909f56bfc062723c751e8b465ee728b)
Start importing Assets/HQP STUDIOS/Rocks and Terrains Pack - Low Poly/Models/Rocks/Block Rocks/Snow Block Rocks/Block_Snow_Rock_18.fbx using Guid(c3f3cc6e25bbb624ebc15326ce279799) Importer(815301076,1909f56bfc062723c751e8b465ee728b) (PreviewImporter) -> (artifact id: '9fbca8424b8a9f717fc97f4884a1651d') in 0.0105138 seconds
Number of updated asset objects reloaded before import = 0Number of asset objects unloaded after import = 9

========================================================================
Received Import Request.
  Time since last request: 0.010858 seconds.
  path: Assets/HQP STUDIOS/Rocks and Terrains Pack - Low Poly/Models/Rocks/Block Rocks/Snow Block Rocks/Block_Snow_Rock_19.fbx
  artifactKey: Guid(480e092e3b3aef64da650b4e15799b09) Importer(815301076,1909f56bfc062723c751e8b465ee728b)
Start importing Assets/HQP STUDIOS/Rocks and Terrains Pack - Low Poly/Models/Rocks/Block Rocks/Snow Block Rocks/Block_Snow_Rock_19.fbx using Guid(480e092e3b3aef64da650b4e15799b09) Importer(815301076,1909f56bfc062723c751e8b465ee728b) (PreviewImporter) -> (artifact id: 'c792b11ff99d81a2f9beab4a7f01eda4') in 0.0104657 seconds
Number of updated asset objects reloaded before import = 0Number of asset objects unloaded after import = 9

========================================================================
Received Import Request.
  Time since last request: 0.000017 seconds.
  path: Assets/HQP STUDIOS/Rocks and Terrains Pack - Low Poly/Prefabs/Rocks/Block Rocks/Snow Block Rocks/Block_Snow_Rock_20.prefab
  artifactKey: Guid(d43daff636cd3af4591e485c81e160a0) Importer(815301076,1909f56bfc062723c751e8b465ee728b)
Start importing Assets/HQP STUDIOS/Rocks and Terrains Pack - Low Poly/Prefabs/Rocks/Block Rocks/Snow Block Rocks/Block_Snow_Rock_20.prefab using Guid(d43daff636cd3af4591e485c81e160a0) Importer(815301076,1909f56bfc062723c751e8b465ee728b) (PreviewImporter) -> (artifact id: '67f7194b731eaffe1e348b4cd7b5fda6') in 0.0053324 seconds
Number of updated asset objects reloaded before import = 0Number of asset objects unloaded after import = 15

========================================================================
Received Import Request.
  Time since last request: 0.225817 seconds.
  path: Assets/HQP STUDIOS/Rocks and Terrains Pack - Low Poly/Models/Rocks/Block Rocks/Snow Block Rocks/Block_Snow_Rock_21.fbx
  artifactKey: Guid(6e5fcbf93f791894b9df069cd78e37d3) Importer(815301076,1909f56bfc062723c751e8b465ee728b)
Start importing Assets/HQP STUDIOS/Rocks and Terrains Pack - Low Poly/Models/Rocks/Block Rocks/Snow Block Rocks/Block_Snow_Rock_21.fbx using Guid(6e5fcbf93f791894b9df069cd78e37d3) Importer(815301076,1909f56bfc062723c751e8b465ee728b) (PreviewImporter) -> (artifact id: '76f954ac5712e10d0bd71b4dfee49ae9') in 0.0098665 seconds
Number of updated asset objects reloaded before import = 0Number of asset objects unloaded after import = 9

========================================================================
Received Import Request.
  Time since last request: 0.000022 seconds.
  path: Assets/HQP STUDIOS/Rocks and Terrains Pack - Low Poly/Models/Rocks/Block Rocks/Snow Block Rocks/Block_Snow_Rock_22.fbx
  artifactKey: Guid(ff6933a705e345a49be4b025f1dcc09c) Importer(815301076,1909f56bfc062723c751e8b465ee728b)
Start importing Assets/HQP STUDIOS/Rocks and Terrains Pack - Low Poly/Models/Rocks/Block Rocks/Snow Block Rocks/Block_Snow_Rock_22.fbx using Guid(ff6933a705e345a49be4b025f1dcc09c) Importer(815301076,1909f56bfc062723c751e8b465ee728b) (PreviewImporter) -> (artifact id: '763f690d1b25f0d675674fbc42fc53f0') in 0.0097303 seconds
Number of updated asset objects reloaded before import = 0Number of asset objects unloaded after import = 9

========================================================================
Received Import Request.
  Time since last request: 0.005775 seconds.
  path: Assets/HQP STUDIOS/Rocks and Terrains Pack - Low Poly/Models/Rocks/Block Rocks/Snow Block Rocks/Block_Snow_Rock_23.fbx
  artifactKey: Guid(fc42041b3c915c04dba1b4480a955dec) Importer(815301076,1909f56bfc062723c751e8b465ee728b)
Start importing Assets/HQP STUDIOS/Rocks and Terrains Pack - Low Poly/Models/Rocks/Block Rocks/Snow Block Rocks/Block_Snow_Rock_23.fbx using Guid(fc42041b3c915c04dba1b4480a955dec) Importer(815301076,1909f56bfc062723c751e8b465ee728b) (PreviewImporter) -> (artifact id: '5f095954886e70e74fe8d460407adf94') in 0.0120685 seconds
Number of updated asset objects reloaded before import = 0Number of asset objects unloaded after import = 9

========================================================================
Received Import Request.
  Time since last request: 0.000017 seconds.
  path: Assets/HQP STUDIOS/Rocks and Terrains Pack - Low Poly/Models/Rocks/Block Rocks/Snow Block Rocks/Block_Snow_Rock_24.fbx
  artifactKey: Guid(1e5d67f03a93af54785c47250ad3f032) Importer(815301076,1909f56bfc062723c751e8b465ee728b)
Start importing Assets/HQP STUDIOS/Rocks and Terrains Pack - Low Poly/Models/Rocks/Block Rocks/Snow Block Rocks/Block_Snow_Rock_24.fbx using Guid(1e5d67f03a93af54785c47250ad3f032) Importer(815301076,1909f56bfc062723c751e8b465ee728b) (PreviewImporter) -> (artifact id: 'c5e7b3e79572ee02d603fcab068133b2') in 0.0112255 seconds
Number of updated asset objects reloaded before import = 0Number of asset objects unloaded after import = 9

========================================================================
Received Import Request.
  Time since last request: 0.223439 seconds.
  path: Assets/HQP STUDIOS/Rocks and Terrains Pack - Low Poly/Prefabs/Rocks/Block Rocks/Snow Block Rocks/Block_Snow_Rock_25.prefab
  artifactKey: Guid(a37ffd637ef32e0419ebc5a26a66bc69) Importer(815301076,1909f56bfc062723c751e8b465ee728b)
Start importing Assets/HQP STUDIOS/Rocks and Terrains Pack - Low Poly/Prefabs/Rocks/Block Rocks/Snow Block Rocks/Block_Snow_Rock_25.prefab using Guid(a37ffd637ef32e0419ebc5a26a66bc69) Importer(815301076,1909f56bfc062723c751e8b465ee728b) (PreviewImporter) -> (artifact id: '26ac2d6ebdbc84626863df69e50fbb6b') in 0.0057149 seconds
Number of updated asset objects reloaded before import = 0Number of asset objects unloaded after import = 15

========================================================================
Received Import Request.
  Time since last request: 0.023713 seconds.
  path: Assets/HQP STUDIOS/Rocks and Terrains Pack - Low Poly/Models/Rocks/Block Rocks/Snow Block Rocks/Block_Snow_Rock_26.fbx
  artifactKey: Guid(0739dc1b131508848a206287bb3a3dd3) Importer(815301076,1909f56bfc062723c751e8b465ee728b)
Start importing Assets/HQP STUDIOS/Rocks and Terrains Pack - Low Poly/Models/Rocks/Block Rocks/Snow Block Rocks/Block_Snow_Rock_26.fbx using Guid(0739dc1b131508848a206287bb3a3dd3) Importer(815301076,1909f56bfc062723c751e8b465ee728b) (PreviewImporter) -> (artifact id: 'e662e1836b5a3d5151097e6391c3a483') in 0.0105766 seconds
Number of updated asset objects reloaded before import = 0Number of asset objects unloaded after import = 9

========================================================================
Received Import Request.
  Time since last request: 0.000018 seconds.
  path: Assets/HQP STUDIOS/Rocks and Terrains Pack - Low Poly/Models/Rocks/Block Rocks/Snow Block Rocks/Block_Snow_Rock_27.fbx
  artifactKey: Guid(e55fe0030f02e914f9331a691ddd193b) Importer(815301076,1909f56bfc062723c751e8b465ee728b)
Start importing Assets/HQP STUDIOS/Rocks and Terrains Pack - Low Poly/Models/Rocks/Block Rocks/Snow Block Rocks/Block_Snow_Rock_27.fbx using Guid(e55fe0030f02e914f9331a691ddd193b) Importer(815301076,1909f56bfc062723c751e8b465ee728b) (PreviewImporter) -> (artifact id: 'e55e32647586997ec8632db6b6222d26') in 0.0094883 seconds
Number of updated asset objects reloaded before import = 0Number of asset objects unloaded after import = 9

========================================================================
Received Import Request.
  Time since last request: 0.000017 seconds.
  path: Assets/HQP STUDIOS/Rocks and Terrains Pack - Low Poly/Prefabs/Rocks/Block Rocks/Snow Block Rocks/Block_Snow_Rock_28.prefab
  artifactKey: Guid(863379f9d2f370c489f27f7ff1fdaed7) Importer(815301076,1909f56bfc062723c751e8b465ee728b)
Start importing Assets/HQP STUDIOS/Rocks and Terrains Pack - Low Poly/Prefabs/Rocks/Block Rocks/Snow Block Rocks/Block_Snow_Rock_28.prefab using Guid(863379f9d2f370c489f27f7ff1fdaed7) Importer(815301076,1909f56bfc062723c751e8b465ee728b) (PreviewImporter) -> (artifact id: 'e901dfd66c5d5cfdc86058298ba157c7') in 0.0049796 seconds
Number of updated asset objects reloaded before import = 0Number of asset objects unloaded after import = 15

========================================================================
Received Import Request.
  Time since last request: 0.000022 seconds.
  path: Assets/HQP STUDIOS/Rocks and Terrains Pack - Low Poly/Models/Rocks/Block Rocks/Snow Block Rocks/Block_Snow_Rock_29.fbx
  artifactKey: Guid(3438ceca32091d94b9afdbdaf121610b) Importer(815301076,1909f56bfc062723c751e8b465ee728b)
Start importing Assets/HQP STUDIOS/Rocks and Terrains Pack - Low Poly/Models/Rocks/Block Rocks/Snow Block Rocks/Block_Snow_Rock_29.fbx using Guid(3438ceca32091d94b9afdbdaf121610b) Importer(815301076,1909f56bfc062723c751e8b465ee728b) (PreviewImporter) -> (artifact id: '12d07877891f933101535bfd99095619') in 0.0109193 seconds
Number of updated asset objects reloaded before import = 0Number of asset objects unloaded after import = 9

========================================================================
Received Import Request.
  Time since last request: 0.200037 seconds.
  path: Assets/HQP STUDIOS/Rocks and Terrains Pack - Low Poly/Models/Rocks/Block Rocks/Snow Block Rocks/Block_Snow_Rock_30.fbx
  artifactKey: Guid(0c7902240c73ed74a9c812e82ae4c0a2) Importer(815301076,1909f56bfc062723c751e8b465ee728b)
Start importing Assets/HQP STUDIOS/Rocks and Terrains Pack - Low Poly/Models/Rocks/Block Rocks/Snow Block Rocks/Block_Snow_Rock_30.fbx using Guid(0c7902240c73ed74a9c812e82ae4c0a2) Importer(815301076,1909f56bfc062723c751e8b465ee728b) (PreviewImporter) -> (artifact id: '7dfa147a662e0f83ce42723e7b4d16b6') in 0.0100503 seconds
Number of updated asset objects reloaded before import = 0Number of asset objects unloaded after import = 9

========================================================================
Received Import Request.
  Time since last request: 0.000019 seconds.
  path: Assets/HQP STUDIOS/Rocks and Terrains Pack - Low Poly/Models/Rocks/Block Rocks/Snow Block Rocks/Block_Snow_Rock_31.fbx
  artifactKey: Guid(d38b81b20c3c0fd4db61e4a441c4d34a) Importer(815301076,1909f56bfc062723c751e8b465ee728b)
Start importing Assets/HQP STUDIOS/Rocks and Terrains Pack - Low Poly/Models/Rocks/Block Rocks/Snow Block Rocks/Block_Snow_Rock_31.fbx using Guid(d38b81b20c3c0fd4db61e4a441c4d34a) Importer(815301076,1909f56bfc062723c751e8b465ee728b) (PreviewImporter) -> (artifact id: '51e0e18785810c37b74778ff7298cbd7') in 0.010562 seconds
Number of updated asset objects reloaded before import = 0Number of asset objects unloaded after import = 9

========================================================================
Received Import Request.
  Time since last request: 0.004573 seconds.
  path: Assets/HQP STUDIOS/Rocks and Terrains Pack - Low Poly/Prefabs/Rocks/Block Rocks/Snow Block Rocks/Block_Snow_Rock_32.prefab
  artifactKey: Guid(de4e6dad03ac0744081604f6e3727940) Importer(815301076,1909f56bfc062723c751e8b465ee728b)
Start importing Assets/HQP STUDIOS/Rocks and Terrains Pack - Low Poly/Prefabs/Rocks/Block Rocks/Snow Block Rocks/Block_Snow_Rock_32.prefab using Guid(de4e6dad03ac0744081604f6e3727940) Importer(815301076,1909f56bfc062723c751e8b465ee728b) (PreviewImporter) -> (artifact id: 'bcaceb2d80abc8f675879876bb83cd1a') in 0.0051349 seconds
Number of updated asset objects reloaded before import = 0Number of asset objects unloaded after import = 15

========================================================================
Received Import Request.
  Time since last request: 0.000016 seconds.
  path: Assets/HQP STUDIOS/Rocks and Terrains Pack - Low Poly/Models/Rocks/Block Rocks/Snow Block Rocks/Block_Snow_Rock_33.fbx
  artifactKey: Guid(1470f29640900bc4488bf3f10d1b799b) Importer(815301076,1909f56bfc062723c751e8b465ee728b)
Start importing Assets/HQP STUDIOS/Rocks and Terrains Pack - Low Poly/Models/Rocks/Block Rocks/Snow Block Rocks/Block_Snow_Rock_33.fbx using Guid(1470f29640900bc4488bf3f10d1b799b) Importer(815301076,1909f56bfc062723c751e8b465ee728b) (PreviewImporter) -> (artifact id: '92ec9fc1d89523a2e0380090a35219fb') in 0.0110937 seconds
Number of updated asset objects reloaded before import = 0Number of asset objects unloaded after import = 9

========================================================================
Received Import Request.
  Time since last request: 0.222891 seconds.
  path: Assets/HQP STUDIOS/Rocks and Terrains Pack - Low Poly/Models/Rocks/Block Rocks/Snow Block Rocks/Block_Snow_Rock_34.fbx
  artifactKey: Guid(359b16685e84eac44b35b2df295669ee) Importer(815301076,1909f56bfc062723c751e8b465ee728b)
Start importing Assets/HQP STUDIOS/Rocks and Terrains Pack - Low Poly/Models/Rocks/Block Rocks/Snow Block Rocks/Block_Snow_Rock_34.fbx using Guid(359b16685e84eac44b35b2df295669ee) Importer(815301076,1909f56bfc062723c751e8b465ee728b) (PreviewImporter) -> (artifact id: '3f1f6804bf0c3f222bace00f29afec90') in 0.0105423 seconds
Number of updated asset objects reloaded before import = 0Number of asset objects unloaded after import = 9

========================================================================
Received Import Request.
  Time since last request: 0.015089 seconds.
  path: Assets/HQP STUDIOS/Rocks and Terrains Pack - Low Poly/Models/Rocks/Block Rocks/Snow Block Rocks/Block_Snow_Rock_35.fbx
  artifactKey: Guid(8191b536d2b58c249b77fdcdd8c1cc4b) Importer(815301076,1909f56bfc062723c751e8b465ee728b)
Start importing Assets/HQP STUDIOS/Rocks and Terrains Pack - Low Poly/Models/Rocks/Block Rocks/Snow Block Rocks/Block_Snow_Rock_35.fbx using Guid(8191b536d2b58c249b77fdcdd8c1cc4b) Importer(815301076,1909f56bfc062723c751e8b465ee728b) (PreviewImporter) -> (artifact id: 'a0f466078c938b7d0d97f3d06b09ae89') in 0.0112507 seconds
Number of updated asset objects reloaded before import = 0Number of asset objects unloaded after import = 9

========================================================================
Received Import Request.
  Time since last request: 0.000017 seconds.
  path: Assets/HQP STUDIOS/Rocks and Terrains Pack - Low Poly/Prefabs/Rocks/Block Rocks/Snow Block Rocks/Block_Snow_Rock_36.prefab
  artifactKey: Guid(d6cf71f347db795429924e5fe672bfeb) Importer(815301076,1909f56bfc062723c751e8b465ee728b)
Start importing Assets/HQP STUDIOS/Rocks and Terrains Pack - Low Poly/Prefabs/Rocks/Block Rocks/Snow Block Rocks/Block_Snow_Rock_36.prefab using Guid(d6cf71f347db795429924e5fe672bfeb) Importer(815301076,1909f56bfc062723c751e8b465ee728b) (PreviewImporter) -> (artifact id: '339cb35c86a2ac7dbb57e1563183cfc5') in 0.0054186 seconds
Number of updated asset objects reloaded before import = 0Number of asset objects unloaded after import = 15

========================================================================
Received Import Request.
  Time since last request: 0.000018 seconds.
  path: Assets/HQP STUDIOS/Rocks and Terrains Pack - Low Poly/Prefabs/Rocks/Block Rocks/Snow Block Rocks/Block_Snow_Rock_37.prefab
  artifactKey: Guid(f6c28e685188812439cd8cb5090862a1) Importer(815301076,1909f56bfc062723c751e8b465ee728b)
Start importing Assets/HQP STUDIOS/Rocks and Terrains Pack - Low Poly/Prefabs/Rocks/Block Rocks/Snow Block Rocks/Block_Snow_Rock_37.prefab using Guid(f6c28e685188812439cd8cb5090862a1) Importer(815301076,1909f56bfc062723c751e8b465ee728b) (PreviewImporter) -> (artifact id: '73c5e420228d5c3f3b2f37c4eb46a97d') in 0.0064664 seconds
Number of updated asset objects reloaded before import = 0Number of asset objects unloaded after import = 15

========================================================================
Received Import Request.
  Time since last request: 0.000018 seconds.
  path: Assets/HQP STUDIOS/Rocks and Terrains Pack - Low Poly/Models/Rocks/Block Rocks/Snow Block Rocks/Block_Snow_Rock_38.fbx
  artifactKey: Guid(be1d138effcd6ff47ac65bf01ab251e7) Importer(815301076,1909f56bfc062723c751e8b465ee728b)
Start importing Assets/HQP STUDIOS/Rocks and Terrains Pack - Low Poly/Models/Rocks/Block Rocks/Snow Block Rocks/Block_Snow_Rock_38.fbx using Guid(be1d138effcd6ff47ac65bf01ab251e7) Importer(815301076,1909f56bfc062723c751e8b465ee728b) (PreviewImporter) -> (artifact id: '9c3c56647d7bbc0421bbb52b27ceeaaa') in 0.0111277 seconds
Number of updated asset objects reloaded before import = 0Number of asset objects unloaded after import = 9

========================================================================
Received Import Request.
  Time since last request: 0.772108 seconds.
  path: Assets/Happy Little Trees - Free nature pack by Nebula/Meshes/Trees/Bush/Bush_001.fbx
  artifactKey: Guid(c6d960b26161b984bbefd034139657d4) Importer(815301076,1909f56bfc062723c751e8b465ee728b)
Start importing Assets/Happy Little Trees - Free nature pack by Nebula/Meshes/Trees/Bush/Bush_001.fbx using Guid(c6d960b26161b984bbefd034139657d4) Importer(815301076,1909f56bfc062723c751e8b465ee728b) (PreviewImporter) -> (artifact id: '3aa2a1201b2d1c647d3716bcdf8824a1') in 0.0070684 seconds
Number of updated asset objects reloaded before import = 0Number of asset objects unloaded after import = 7

========================================================================
Received Import Request.
  Time since last request: 0.038961 seconds.
  path: Assets/LowPoly Environment Pack/FBX/Bush_2.fbx
  artifactKey: Guid(87ad1332cfca6934ea307ce26bfc9dec) Importer(815301076,1909f56bfc062723c751e8b465ee728b)
Start importing Assets/LowPoly Environment Pack/FBX/Bush_2.fbx using Guid(87ad1332cfca6934ea307ce26bfc9dec) Importer(815301076,1909f56bfc062723c751e8b465ee728b) (PreviewImporter) -> (artifact id: '2884cf64ee7b9ebb143036dbdea973d4') in 0.0088607 seconds
Number of updated asset objects reloaded before import = 0Number of asset objects unloaded after import = 9

========================================================================
Received Import Request.
  Time since last request: 0.005552 seconds.
  path: Assets/Happy Little Trees - Free nature pack by Nebula/Meshes/Trees/Bush/BushClutter.fbx
  artifactKey: Guid(ac04c303c507b714f83092da9378aa73) Importer(815301076,1909f56bfc062723c751e8b465ee728b)
Start importing Assets/Happy Little Trees - Free nature pack by Nebula/Meshes/Trees/Bush/BushClutter.fbx using Guid(ac04c303c507b714f83092da9378aa73) Importer(815301076,1909f56bfc062723c751e8b465ee728b) (PreviewImporter) -> (artifact id: '553e8702c6de422f9c4253caa9cb12df') in 0.0067585 seconds
Number of updated asset objects reloaded before import = 0Number of asset objects unloaded after import = 7

========================================================================
Received Import Request.
  Time since last request: 0.000020 seconds.
  path: Assets/Happy Little Trees - Free nature pack by Nebula/Meshes/Trees/Bush/BushDead.fbx
  artifactKey: Guid(9943a39809701d841a02271de0b84600) Importer(815301076,1909f56bfc062723c751e8b465ee728b)
Start importing Assets/Happy Little Trees - Free nature pack by Nebula/Meshes/Trees/Bush/BushDead.fbx using Guid(9943a39809701d841a02271de0b84600) Importer(815301076,1909f56bfc062723c751e8b465ee728b) (PreviewImporter) -> (artifact id: '1de78ab867e14412d8e96c3cb26979f4') in 0.0076079 seconds
Number of updated asset objects reloaded before import = 0Number of asset objects unloaded after import = 7

========================================================================
Received Import Request.
  Time since last request: 0.016247 seconds.
  path: Assets/HeneGames/Dialogue System/Prefabs/Dialogue 3D.prefab
  artifactKey: Guid(cc0b3ff4467379548b7df5f7e83dd6a2) Importer(815301076,1909f56bfc062723c751e8b465ee728b)
Start importing Assets/HeneGames/Dialogue System/Prefabs/Dialogue 3D.prefab using Guid(cc0b3ff4467379548b7df5f7e83dd6a2) Importer(815301076,1909f56bfc062723c751e8b465ee728b) (PreviewImporter) -> (artifact id: '8c694408f0257314174e969b4ca358da') in 0.0029067 seconds
Number of updated asset objects reloaded before import = 0Number of asset objects unloaded after import = 7

========================================================================
Received Import Request.
  Time since last request: 0.000018 seconds.
  path: Assets/HeneGames/Dialogue System/Prefabs/Dialogue UI.prefab
  artifactKey: Guid(66a0aba2ba55058439c92574558222ac) Importer(815301076,1909f56bfc062723c751e8b465ee728b)
Start importing Assets/HeneGames/Dialogue System/Prefabs/Dialogue UI.prefab using Guid(66a0aba2ba55058439c92574558222ac) Importer(815301076,1909f56bfc062723c751e8b465ee728b) (PreviewImporter) -> (artifact id: '71fc0d77ff4025f4c1eed46016e5cb1a') in 0.0201738 seconds
Number of updated asset objects reloaded before import = 0Number of asset objects unloaded after import = 78

========================================================================
Received Import Request.
  Time since last request: 0.000018 seconds.
  path: Assets/AA_UniversalCharacter/Prefabs/F_AA_002.prefab
  artifactKey: Guid(b8b1f673afe204743824d4094dc4d7ca) Importer(815301076,1909f56bfc062723c751e8b465ee728b)
Start importing Assets/AA_UniversalCharacter/Prefabs/F_AA_002.prefab using Guid(b8b1f673afe204743824d4094dc4d7ca) Importer(815301076,1909f56bfc062723c751e8b465ee728b) (PreviewImporter) -> (artifact id: '8fe2eb327ecd9d7379c7cae093821946') in 0.0354289 seconds
Number of updated asset objects reloaded before import = 0Number of asset objects unloaded after import = 332

========================================================================
Received Import Request.
  Time since last request: 0.000028 seconds.
  path: Assets/HQP STUDIOS/Rocks and Terrains Pack - Low Poly/Prefabs/Rocks/Flat Rocks/Moss Flat Rocks/Flat_Moss_Rock_4.prefab
  artifactKey: Guid(f74c668bd9392ee4d83bd04ac817f2af) Importer(815301076,1909f56bfc062723c751e8b465ee728b)
Start importing Assets/HQP STUDIOS/Rocks and Terrains Pack - Low Poly/Prefabs/Rocks/Flat Rocks/Moss Flat Rocks/Flat_Moss_Rock_4.prefab using Guid(f74c668bd9392ee4d83bd04ac817f2af) Importer(815301076,1909f56bfc062723c751e8b465ee728b) (PreviewImporter) -> (artifact id: '7a238d4a3f9a30fd4e8e4d440605af53') in 0.0058242 seconds
Number of updated asset objects reloaded before import = 0Number of asset objects unloaded after import = 15

========================================================================
Received Import Request.
  Time since last request: 0.000024 seconds.
  path: Assets/HQP STUDIOS/Rocks and Terrains Pack - Low Poly/Prefabs/Rocks/Flat Rocks/Moss Flat Rocks/Flat_Moss_Rock_5.prefab
  artifactKey: Guid(1750f97c09f90cf41874f613b78d66e8) Importer(815301076,1909f56bfc062723c751e8b465ee728b)
Start importing Assets/HQP STUDIOS/Rocks and Terrains Pack - Low Poly/Prefabs/Rocks/Flat Rocks/Moss Flat Rocks/Flat_Moss_Rock_5.prefab using Guid(1750f97c09f90cf41874f613b78d66e8) Importer(815301076,1909f56bfc062723c751e8b465ee728b) (PreviewImporter) -> (artifact id: '65a44cbe0988b1587b05e62f27261679') in 0.0084626 seconds
Number of updated asset objects reloaded before import = 0Number of asset objects unloaded after import = 15

========================================================================
Received Import Request.
  Time since last request: 0.000018 seconds.
  path: Assets/HQP STUDIOS/Rocks and Terrains Pack - Low Poly/Models/Rocks/Flat Rocks/Moss Flat Rocks/Flat_Moss_Rock_1.fbx
  artifactKey: Guid(a65a80c391f5bef46a2b98fdef329d40) Importer(815301076,1909f56bfc062723c751e8b465ee728b)
Start importing Assets/HQP STUDIOS/Rocks and Terrains Pack - Low Poly/Models/Rocks/Flat Rocks/Moss Flat Rocks/Flat_Moss_Rock_1.fbx using Guid(a65a80c391f5bef46a2b98fdef329d40) Importer(815301076,1909f56bfc062723c751e8b465ee728b) (PreviewImporter) -> (artifact id: '4d0d58a21f5bcccee4f7f7528620c1c0') in 0.0115565 seconds
Number of updated asset objects reloaded before import = 0Number of asset objects unloaded after import = 9

========================================================================
Received Import Request.
  Time since last request: 0.000019 seconds.
  path: Assets/HQP STUDIOS/Rocks and Terrains Pack - Low Poly/Prefabs/Rocks/Flat Rocks/Moss Flat Rocks/Flat_Moss_Rock_1.prefab
  artifactKey: Guid(eb34719bc7677e64a8988d24549871be) Importer(815301076,1909f56bfc062723c751e8b465ee728b)
Start importing Assets/HQP STUDIOS/Rocks and Terrains Pack - Low Poly/Prefabs/Rocks/Flat Rocks/Moss Flat Rocks/Flat_Moss_Rock_1.prefab using Guid(eb34719bc7677e64a8988d24549871be) Importer(815301076,1909f56bfc062723c751e8b465ee728b) (PreviewImporter) -> (artifact id: '9f812c71eee65fb85619ca3ac1d4159a') in 0.005374 seconds
Number of updated asset objects reloaded before import = 0Number of asset objects unloaded after import = 15

========================================================================
Received Import Request.
  Time since last request: 0.067096 seconds.
  path: Assets/HQP STUDIOS/Rocks and Terrains Pack - Low Poly/Prefabs/Rocks/Flat Rocks/Moss Flat Rocks/Flat_Moss_Rock_6.prefab
  artifactKey: Guid(3c15a8595d3ef2f43b46ab4acff0a1fc) Importer(815301076,1909f56bfc062723c751e8b465ee728b)
Start importing Assets/HQP STUDIOS/Rocks and Terrains Pack - Low Poly/Prefabs/Rocks/Flat Rocks/Moss Flat Rocks/Flat_Moss_Rock_6.prefab using Guid(3c15a8595d3ef2f43b46ab4acff0a1fc) Importer(815301076,1909f56bfc062723c751e8b465ee728b) (PreviewImporter) -> (artifact id: '4d4a40214797bd61f6d97f904552d9fd') in 0.0054546 seconds
Number of updated asset objects reloaded before import = 0Number of asset objects unloaded after import = 15

========================================================================
Received Import Request.
  Time since last request: 0.000018 seconds.
  path: Assets/HQP STUDIOS/Rocks and Terrains Pack - Low Poly/Models/Rocks/Flat Rocks/Moss Flat Rocks/Flat_Moss_Rock_7.fbx
  artifactKey: Guid(d981749e0562f0c42bad91fc1062a866) Importer(815301076,1909f56bfc062723c751e8b465ee728b)
Start importing Assets/HQP STUDIOS/Rocks and Terrains Pack - Low Poly/Models/Rocks/Flat Rocks/Moss Flat Rocks/Flat_Moss_Rock_7.fbx using Guid(d981749e0562f0c42bad91fc1062a866) Importer(815301076,1909f56bfc062723c751e8b465ee728b) (PreviewImporter) -> (artifact id: '2e530b174dfc1f6e225877d2765f015e') in 0.0108767 seconds
Number of updated asset objects reloaded before import = 0Number of asset objects unloaded after import = 9

========================================================================
Received Import Request.
  Time since last request: 0.000016 seconds.
  path: Assets/HQP STUDIOS/Rocks and Terrains Pack - Low Poly/Prefabs/Rocks/Flat Rocks/Moss Flat Rocks/Flat_Moss_Rock_8.prefab
  artifactKey: Guid(7d0ec3b5d23658a4b9ea1d7451073e33) Importer(815301076,1909f56bfc062723c751e8b465ee728b)
Start importing Assets/HQP STUDIOS/Rocks and Terrains Pack - Low Poly/Prefabs/Rocks/Flat Rocks/Moss Flat Rocks/Flat_Moss_Rock_8.prefab using Guid(7d0ec3b5d23658a4b9ea1d7451073e33) Importer(815301076,1909f56bfc062723c751e8b465ee728b) (PreviewImporter) -> (artifact id: '49caf7cf3f616144717c5ca2e01a03c8') in 0.0054852 seconds
Number of updated asset objects reloaded before import = 0Number of asset objects unloaded after import = 15

========================================================================
Received Import Request.
  Time since last request: 0.000022 seconds.
  path: Assets/HQP STUDIOS/Rocks and Terrains Pack - Low Poly/Models/Rocks/Flat Rocks/Moss Flat Rocks/Flat_Moss_Rock_10.fbx
  artifactKey: Guid(a7736b0009f70984fa4d095e43b8bacf) Importer(815301076,1909f56bfc062723c751e8b465ee728b)
Start importing Assets/HQP STUDIOS/Rocks and Terrains Pack - Low Poly/Models/Rocks/Flat Rocks/Moss Flat Rocks/Flat_Moss_Rock_10.fbx using Guid(a7736b0009f70984fa4d095e43b8bacf) Importer(815301076,1909f56bfc062723c751e8b465ee728b) (PreviewImporter) -> (artifact id: 'b77e6d5dc9e96c66eab3a0bda6dbbbbc') in 0.0102483 seconds
Number of updated asset objects reloaded before import = 0Number of asset objects unloaded after import = 9

========================================================================
Received Import Request.
  Time since last request: 0.000022 seconds.
  path: Assets/HQP STUDIOS/Rocks and Terrains Pack - Low Poly/Models/Rocks/Flat Rocks/Moss Flat Rocks/Flat_Moss_Rock_9.fbx
  artifactKey: Guid(efc60484f72a4584f985a654d7b9c201) Importer(815301076,1909f56bfc062723c751e8b465ee728b)
Start importing Assets/HQP STUDIOS/Rocks and Terrains Pack - Low Poly/Models/Rocks/Flat Rocks/Moss Flat Rocks/Flat_Moss_Rock_9.fbx using Guid(efc60484f72a4584f985a654d7b9c201) Importer(815301076,1909f56bfc062723c751e8b465ee728b) (PreviewImporter) -> (artifact id: '5fc529c180c821286ee2f61de1499250') in 0.0100671 seconds
Number of updated asset objects reloaded before import = 0Number of asset objects unloaded after import = 9

========================================================================
Received Import Request.
  Time since last request: 0.959326 seconds.
  path: Assets/HQP STUDIOS/Rocks and Terrains Pack - Low Poly/Models/Rocks/Flat Rocks/Moss Flat Rocks/Flat_Moss_Rock_11.fbx
  artifactKey: Guid(0fe33e3b7a1c7d24fbdc85ebc50f0925) Importer(815301076,1909f56bfc062723c751e8b465ee728b)
Start importing Assets/HQP STUDIOS/Rocks and Terrains Pack - Low Poly/Models/Rocks/Flat Rocks/Moss Flat Rocks/Flat_Moss_Rock_11.fbx using Guid(0fe33e3b7a1c7d24fbdc85ebc50f0925) Importer(815301076,1909f56bfc062723c751e8b465ee728b) (PreviewImporter) -> (artifact id: '45cd3eef9ef1f54cb98e3827035dec4f') in 0.0100971 seconds
Number of updated asset objects reloaded before import = 0Number of asset objects unloaded after import = 9

========================================================================
Received Import Request.
  Time since last request: 0.000020 seconds.
  path: Assets/HQP STUDIOS/Rocks and Terrains Pack - Low Poly/Prefabs/Rocks/Flat Rocks/Moss Flat Rocks/Flat_Moss_Rock_11.prefab
  artifactKey: Guid(75e17fbfbe6344b4e8d644a62067905e) Importer(815301076,1909f56bfc062723c751e8b465ee728b)
Start importing Assets/HQP STUDIOS/Rocks and Terrains Pack - Low Poly/Prefabs/Rocks/Flat Rocks/Moss Flat Rocks/Flat_Moss_Rock_11.prefab using Guid(75e17fbfbe6344b4e8d644a62067905e) Importer(815301076,1909f56bfc062723c751e8b465ee728b) (PreviewImporter) -> (artifact id: 'dbf99d4d4bf935a0fd992acf60ef1442') in 0.0048146 seconds
Number of updated asset objects reloaded before import = 0Number of asset objects unloaded after import = 15

========================================================================
Received Import Request.
  Time since last request: 0.000033 seconds.
  path: Assets/HQP STUDIOS/Rocks and Terrains Pack - Low Poly/Models/Rocks/Flat Rocks/Moss Flat Rocks/Flat_Moss_Rock_19.fbx
  artifactKey: Guid(f6367693f5497874690f7ce4621a198c) Importer(815301076,1909f56bfc062723c751e8b465ee728b)
Start importing Assets/HQP STUDIOS/Rocks and Terrains Pack - Low Poly/Models/Rocks/Flat Rocks/Moss Flat Rocks/Flat_Moss_Rock_19.fbx using Guid(f6367693f5497874690f7ce4621a198c) Importer(815301076,1909f56bfc062723c751e8b465ee728b) (PreviewImporter) -> (artifact id: '195f53ac1c7f9c7d552e2eb9a17439b9') in 0.0099651 seconds
Number of updated asset objects reloaded before import = 0Number of asset objects unloaded after import = 9

========================================================================
Received Import Request.
  Time since last request: 0.000016 seconds.
  path: Assets/HQP STUDIOS/Rocks and Terrains Pack - Low Poly/Prefabs/Rocks/Flat Rocks/Moss Flat Rocks/Flat_Moss_Rock_22.prefab
  artifactKey: Guid(b5b3d71cff1e61744a901f3b308af17d) Importer(815301076,1909f56bfc062723c751e8b465ee728b)
Start importing Assets/HQP STUDIOS/Rocks and Terrains Pack - Low Poly/Prefabs/Rocks/Flat Rocks/Moss Flat Rocks/Flat_Moss_Rock_22.prefab using Guid(b5b3d71cff1e61744a901f3b308af17d) Importer(815301076,1909f56bfc062723c751e8b465ee728b) (PreviewImporter) -> (artifact id: '668bf1d7a702db5bee863a7179467d45') in 0.0049569 seconds
Number of updated asset objects reloaded before import = 0Number of asset objects unloaded after import = 15

========================================================================
Received Import Request.
  Time since last request: 0.000018 seconds.
  path: Assets/HQP STUDIOS/Rocks and Terrains Pack - Low Poly/Models/Rocks/Flat Rocks/Moss Flat Rocks/Flat_Moss_Rock_25.fbx
  artifactKey: Guid(a6b4ab586b8411447a8635ae4d2691cb) Importer(815301076,1909f56bfc062723c751e8b465ee728b)
Start importing Assets/HQP STUDIOS/Rocks and Terrains Pack - Low Poly/Models/Rocks/Flat Rocks/Moss Flat Rocks/Flat_Moss_Rock_25.fbx using Guid(a6b4ab586b8411447a8635ae4d2691cb) Importer(815301076,1909f56bfc062723c751e8b465ee728b) (PreviewImporter) -> (artifact id: '536deaf8b28cebe4a4483667ebeb9328') in 0.0099637 seconds
Number of updated asset objects reloaded before import = 0Number of asset objects unloaded after import = 9

========================================================================
Received Import Request.
  Time since last request: 0.000020 seconds.
  path: Assets/HQP STUDIOS/Rocks and Terrains Pack - Low Poly/Prefabs/Rocks/Flat Rocks/Moss Flat Rocks/Flat_Moss_Rock_24.prefab
  artifactKey: Guid(16a4247b508e75b42afa0f03cf389c6a) Importer(815301076,1909f56bfc062723c751e8b465ee728b)
Start importing Assets/HQP STUDIOS/Rocks and Terrains Pack - Low Poly/Prefabs/Rocks/Flat Rocks/Moss Flat Rocks/Flat_Moss_Rock_24.prefab using Guid(16a4247b508e75b42afa0f03cf389c6a) Importer(815301076,1909f56bfc062723c751e8b465ee728b) (PreviewImporter) -> (artifact id: '76b16824aea905ada085a50469034620') in 0.0070072 seconds
Number of updated asset objects reloaded before import = 0Number of asset objects unloaded after import = 15

========================================================================
Received Import Request.
  Time since last request: 0.000017 seconds.
  path: Assets/HQP STUDIOS/Rocks and Terrains Pack - Low Poly/Models/Rocks/Flat Rocks/Moss Flat Rocks/Flat_Moss_Rock_13.fbx
  artifactKey: Guid(62e88e90cf1813e49ad9c8fb80938fc1) Importer(815301076,1909f56bfc062723c751e8b465ee728b)
Start importing Assets/HQP STUDIOS/Rocks and Terrains Pack - Low Poly/Models/Rocks/Flat Rocks/Moss Flat Rocks/Flat_Moss_Rock_13.fbx using Guid(62e88e90cf1813e49ad9c8fb80938fc1) Importer(815301076,1909f56bfc062723c751e8b465ee728b) (PreviewImporter) -> (artifact id: '5bf79f0b4fe680767ee1ac3e145afaee') in 0.0117745 seconds
Number of updated asset objects reloaded before import = 0Number of asset objects unloaded after import = 9

========================================================================
Received Import Request.
  Time since last request: 0.000019 seconds.
  path: Assets/HQP STUDIOS/Rocks and Terrains Pack - Low Poly/Prefabs/Rocks/Flat Rocks/Moss Flat Rocks/Flat_Moss_Rock_23.prefab
  artifactKey: Guid(e8c51320068ea8c4d8469657d1c6d153) Importer(815301076,1909f56bfc062723c751e8b465ee728b)
Start importing Assets/HQP STUDIOS/Rocks and Terrains Pack - Low Poly/Prefabs/Rocks/Flat Rocks/Moss Flat Rocks/Flat_Moss_Rock_23.prefab using Guid(e8c51320068ea8c4d8469657d1c6d153) Importer(815301076,1909f56bfc062723c751e8b465ee728b) (PreviewImporter) -> (artifact id: '657e4c1aaf02121d1d5305de026e3b4e') in 0.0055692 seconds
Number of updated asset objects reloaded before import = 0Number of asset objects unloaded after import = 15

========================================================================
Received Import Request.
  Time since last request: 0.000018 seconds.
  path: Assets/HQP STUDIOS/Rocks and Terrains Pack - Low Poly/Prefabs/Rocks/Flat Rocks/Moss Flat Rocks/Flat_Moss_Rock_19.prefab
  artifactKey: Guid(66a4d20f718cd56468b4946c9907b000) Importer(815301076,1909f56bfc062723c751e8b465ee728b)
Start importing Assets/HQP STUDIOS/Rocks and Terrains Pack - Low Poly/Prefabs/Rocks/Flat Rocks/Moss Flat Rocks/Flat_Moss_Rock_19.prefab using Guid(66a4d20f718cd56468b4946c9907b000) Importer(815301076,1909f56bfc062723c751e8b465ee728b) (PreviewImporter) -> (artifact id: 'fe6168c0dc9aca3357763e3373e87f75') in 0.0052339 seconds
Number of updated asset objects reloaded before import = 0Number of asset objects unloaded after import = 15

========================================================================
Received Import Request.
  Time since last request: 0.000016 seconds.
  path: Assets/HQP STUDIOS/Rocks and Terrains Pack - Low Poly/Models/Rocks/Flat Rocks/Moss Flat Rocks/Flat_Moss_Rock_21.fbx
  artifactKey: Guid(b78726ce1a2b36c429efe111960af80d) Importer(815301076,1909f56bfc062723c751e8b465ee728b)
Start importing Assets/HQP STUDIOS/Rocks and Terrains Pack - Low Poly/Models/Rocks/Flat Rocks/Moss Flat Rocks/Flat_Moss_Rock_21.fbx using Guid(b78726ce1a2b36c429efe111960af80d) Importer(815301076,1909f56bfc062723c751e8b465ee728b) (PreviewImporter) -> (artifact id: '6791f3b35b1962248a792b3798f7b711') in 0.0097997 seconds
Number of updated asset objects reloaded before import = 0Number of asset objects unloaded after import = 9

========================================================================
Received Import Request.
  Time since last request: 0.000019 seconds.
  path: Assets/HQP STUDIOS/Rocks and Terrains Pack - Low Poly/Models/Rocks/Flat Rocks/Moss Flat Rocks/Flat_Moss_Rock_26.fbx
  artifactKey: Guid(8a559b591b2c7e747b708a8198e6cfb9) Importer(815301076,1909f56bfc062723c751e8b465ee728b)
Start importing Assets/HQP STUDIOS/Rocks and Terrains Pack - Low Poly/Models/Rocks/Flat Rocks/Moss Flat Rocks/Flat_Moss_Rock_26.fbx using Guid(8a559b591b2c7e747b708a8198e6cfb9) Importer(815301076,1909f56bfc062723c751e8b465ee728b) (PreviewImporter) -> (artifact id: '282dac53c5035991e4559e4b7f27c8a1') in 0.0103984 seconds
Number of updated asset objects reloaded before import = 0Number of asset objects unloaded after import = 9

========================================================================
Received Import Request.
  Time since last request: 0.000024 seconds.
  path: Assets/HQP STUDIOS/Rocks and Terrains Pack - Low Poly/Models/Rocks/Flat Rocks/Moss Flat Rocks/Flat_Moss_Rock_20.fbx
  artifactKey: Guid(e8e3e3acd9311524c9ce560631551b88) Importer(815301076,1909f56bfc062723c751e8b465ee728b)
Start importing Assets/HQP STUDIOS/Rocks and Terrains Pack - Low Poly/Models/Rocks/Flat Rocks/Moss Flat Rocks/Flat_Moss_Rock_20.fbx using Guid(e8e3e3acd9311524c9ce560631551b88) Importer(815301076,1909f56bfc062723c751e8b465ee728b) (PreviewImporter) -> (artifact id: 'a4b7bd96f2a66fe96d22125f7c3f4f8c') in 0.0102517 seconds
Number of updated asset objects reloaded before import = 0Number of asset objects unloaded after import = 9

========================================================================
Received Import Request.
  Time since last request: 0.121697 seconds.
  path: Assets/HQP STUDIOS/Rocks and Terrains Pack - Low Poly/Prefabs/Rocks/Flat Rocks/Moss Flat Rocks/Flat_Moss_Rock_28.prefab
  artifactKey: Guid(c422b60732b34c94db41ec4b38752f77) Importer(815301076,1909f56bfc062723c751e8b465ee728b)
Start importing Assets/HQP STUDIOS/Rocks and Terrains Pack - Low Poly/Prefabs/Rocks/Flat Rocks/Moss Flat Rocks/Flat_Moss_Rock_28.prefab using Guid(c422b60732b34c94db41ec4b38752f77) Importer(815301076,1909f56bfc062723c751e8b465ee728b) (PreviewImporter) -> (artifact id: '6b1f9b113c0b62134e9460f3d822f527') in 0.0046892 seconds
Number of updated asset objects reloaded before import = 0Number of asset objects unloaded after import = 15

========================================================================
Received Import Request.
  Time since last request: 0.000016 seconds.
  path: Assets/HQP STUDIOS/Rocks and Terrains Pack - Low Poly/Models/Rocks/Flat Rocks/Moss Flat Rocks/Flat_Moss_Rock_28.fbx
  artifactKey: Guid(ae7ca100fbc5dae4086790b86c41689c) Importer(815301076,1909f56bfc062723c751e8b465ee728b)
Start importing Assets/HQP STUDIOS/Rocks and Terrains Pack - Low Poly/Models/Rocks/Flat Rocks/Moss Flat Rocks/Flat_Moss_Rock_28.fbx using Guid(ae7ca100fbc5dae4086790b86c41689c) Importer(815301076,1909f56bfc062723c751e8b465ee728b) (PreviewImporter) -> (artifact id: '91082e4cf2ad0453e690c705b0f6b1fd') in 0.0093925 seconds
Number of updated asset objects reloaded before import = 0Number of asset objects unloaded after import = 9

========================================================================
Received Import Request.
  Time since last request: 0.000017 seconds.
  path: Assets/HQP STUDIOS/Rocks and Terrains Pack - Low Poly/Models/Rocks/Flat Rocks/Flat Rocks/Flat_Rock_4.fbx
  artifactKey: Guid(b1466b9b659e3b042804b43f78b3f4ed) Importer(815301076,1909f56bfc062723c751e8b465ee728b)
Start importing Assets/HQP STUDIOS/Rocks and Terrains Pack - Low Poly/Models/Rocks/Flat Rocks/Flat Rocks/Flat_Rock_4.fbx using Guid(b1466b9b659e3b042804b43f78b3f4ed) Importer(815301076,1909f56bfc062723c751e8b465ee728b) (PreviewImporter) -> (artifact id: 'a70f5a215c47bd76665022949723269b') in 0.0103078 seconds
Number of updated asset objects reloaded before import = 0Number of asset objects unloaded after import = 9

========================================================================
Received Import Request.
  Time since last request: 0.000021 seconds.
  path: Assets/HQP STUDIOS/Rocks and Terrains Pack - Low Poly/Models/Rocks/Flat Rocks/Flat Rocks/Flat_Rock_7.fbx
  artifactKey: Guid(51e7bd6c2b9b8a84a8a01a0635604396) Importer(815301076,1909f56bfc062723c751e8b465ee728b)
Start importing Assets/HQP STUDIOS/Rocks and Terrains Pack - Low Poly/Models/Rocks/Flat Rocks/Flat Rocks/Flat_Rock_7.fbx using Guid(51e7bd6c2b9b8a84a8a01a0635604396) Importer(815301076,1909f56bfc062723c751e8b465ee728b) (PreviewImporter) -> (artifact id: 'd6d0250ce7d7eb8f35b1931836bb2682') in 0.0096101 seconds
Number of updated asset objects reloaded before import = 0Number of asset objects unloaded after import = 9

========================================================================
Received Import Request.
  Time since last request: 0.000024 seconds.
  path: Assets/HQP STUDIOS/Rocks and Terrains Pack - Low Poly/Prefabs/Rocks/Flat Rocks/Flat Rocks/Flat_Rock_7.prefab
  artifactKey: Guid(3452dc605c91eb14abcc1fb36a62237a) Importer(815301076,1909f56bfc062723c751e8b465ee728b)
Start importing Assets/HQP STUDIOS/Rocks and Terrains Pack - Low Poly/Prefabs/Rocks/Flat Rocks/Flat Rocks/Flat_Rock_7.prefab using Guid(3452dc605c91eb14abcc1fb36a62237a) Importer(815301076,1909f56bfc062723c751e8b465ee728b) (PreviewImporter) -> (artifact id: 'c4005b9d8f2272101143b135dd79b727') in 0.0054779 seconds
Number of updated asset objects reloaded before import = 0Number of asset objects unloaded after import = 15

========================================================================
Received Import Request.
  Time since last request: 0.000017 seconds.
  path: Assets/HQP STUDIOS/Rocks and Terrains Pack - Low Poly/Prefabs/Rocks/Flat Rocks/Flat Rocks/Flat_Rock_6.prefab
  artifactKey: Guid(4561a708b0826d84ebec58494b28922e) Importer(815301076,1909f56bfc062723c751e8b465ee728b)
Start importing Assets/HQP STUDIOS/Rocks and Terrains Pack - Low Poly/Prefabs/Rocks/Flat Rocks/Flat Rocks/Flat_Rock_6.prefab using Guid(4561a708b0826d84ebec58494b28922e) Importer(815301076,1909f56bfc062723c751e8b465ee728b) (PreviewImporter) -> (artifact id: '6717d1760c9b92032cfd80c030b2088a') in 0.0056223 seconds
Number of updated asset objects reloaded before import = 0Number of asset objects unloaded after import = 15

========================================================================
Received Import Request.
  Time since last request: 0.000020 seconds.
  path: Assets/HQP STUDIOS/Rocks and Terrains Pack - Low Poly/Prefabs/Rocks/Flat Rocks/Flat Rocks/Flat_Rock_4.prefab
  artifactKey: Guid(461c0c5184710e3408f61af4f8bb0349) Importer(815301076,1909f56bfc062723c751e8b465ee728b)
Start importing Assets/HQP STUDIOS/Rocks and Terrains Pack - Low Poly/Prefabs/Rocks/Flat Rocks/Flat Rocks/Flat_Rock_4.prefab using Guid(461c0c5184710e3408f61af4f8bb0349) Importer(815301076,1909f56bfc062723c751e8b465ee728b) (PreviewImporter) -> (artifact id: '1be32ceb7df23e7371555b9ba578c45c') in 0.0056735 seconds
Number of updated asset objects reloaded before import = 0Number of asset objects unloaded after import = 15

========================================================================
Received Import Request.
  Time since last request: 0.000018 seconds.
  path: Assets/HQP STUDIOS/Rocks and Terrains Pack - Low Poly/Models/Rocks/Flat Rocks/Flat Rocks/Flat_Rock_8.fbx
  artifactKey: Guid(971dab34a4121414dacefde486d4dfdd) Importer(815301076,1909f56bfc062723c751e8b465ee728b)
Start importing Assets/HQP STUDIOS/Rocks and Terrains Pack - Low Poly/Models/Rocks/Flat Rocks/Flat Rocks/Flat_Rock_8.fbx using Guid(971dab34a4121414dacefde486d4dfdd) Importer(815301076,1909f56bfc062723c751e8b465ee728b) (PreviewImporter) -> (artifact id: '25fe732bf8ed3fb30773686965845537') in 0.0097218 seconds
Number of updated asset objects reloaded before import = 0Number of asset objects unloaded after import = 9

========================================================================
Received Import Request.
  Time since last request: 0.000018 seconds.
  path: Assets/HQP STUDIOS/Rocks and Terrains Pack - Low Poly/Prefabs/Rocks/Flat Rocks/Flat Rocks/Flat_Rock_3.prefab
  artifactKey: Guid(cd36ee944037a0a498be5c0936217e8d) Importer(815301076,1909f56bfc062723c751e8b465ee728b)
Start importing Assets/HQP STUDIOS/Rocks and Terrains Pack - Low Poly/Prefabs/Rocks/Flat Rocks/Flat Rocks/Flat_Rock_3.prefab using Guid(cd36ee944037a0a498be5c0936217e8d) Importer(815301076,1909f56bfc062723c751e8b465ee728b) (PreviewImporter) -> (artifact id: 'bb2333e5ea70cc66e1b269ae1fcf5286') in 0.005905 seconds
Number of updated asset objects reloaded before import = 0Number of asset objects unloaded after import = 15

========================================================================
Received Import Request.
  Time since last request: 0.028705 seconds.
  path: Assets/HQP STUDIOS/Rocks and Terrains Pack - Low Poly/Prefabs/Rocks/Flat Rocks/Flat Rocks/Flat_Rock_9.prefab
  artifactKey: Guid(41a94b58d1aa27347a2886b5332944cb) Importer(815301076,1909f56bfc062723c751e8b465ee728b)
Start importing Assets/HQP STUDIOS/Rocks and Terrains Pack - Low Poly/Prefabs/Rocks/Flat Rocks/Flat Rocks/Flat_Rock_9.prefab using Guid(41a94b58d1aa27347a2886b5332944cb) Importer(815301076,1909f56bfc062723c751e8b465ee728b) (PreviewImporter) -> (artifact id: 'e6ff8cac677db2d16aca6fc1550b57f8') in 0.0049625 seconds
Number of updated asset objects reloaded before import = 0Number of asset objects unloaded after import = 15

========================================================================
Received Import Request.
  Time since last request: 0.000017 seconds.
  path: Assets/HQP STUDIOS/Rocks and Terrains Pack - Low Poly/Prefabs/Rocks/Flat Rocks/Flat Rocks/Flat_Rock_11.prefab
  artifactKey: Guid(a41565832739bbc4c9d7a98daa6552ec) Importer(815301076,1909f56bfc062723c751e8b465ee728b)
Start importing Assets/HQP STUDIOS/Rocks and Terrains Pack - Low Poly/Prefabs/Rocks/Flat Rocks/Flat Rocks/Flat_Rock_11.prefab using Guid(a41565832739bbc4c9d7a98daa6552ec) Importer(815301076,1909f56bfc062723c751e8b465ee728b) (PreviewImporter) -> (artifact id: 'd9963e814087751c18238df69e19ab1f') in 0.0087419 seconds
Number of updated asset objects reloaded before import = 0Number of asset objects unloaded after import = 15

========================================================================
Received Import Request.
  Time since last request: 0.000019 seconds.
  path: Assets/HQP STUDIOS/Rocks and Terrains Pack - Low Poly/Models/Rocks/Flat Rocks/Flat Rocks/Flat_Rock_10.fbx
  artifactKey: Guid(965cb11046352854c98c3ef568981780) Importer(815301076,1909f56bfc062723c751e8b465ee728b)
Start importing Assets/HQP STUDIOS/Rocks and Terrains Pack - Low Poly/Models/Rocks/Flat Rocks/Flat Rocks/Flat_Rock_10.fbx using Guid(965cb11046352854c98c3ef568981780) Importer(815301076,1909f56bfc062723c751e8b465ee728b) (PreviewImporter) -> (artifact id: '4af052068411e7ba2b2e530742a609a1') in 0.0109259 seconds
Number of updated asset objects reloaded before import = 0Number of asset objects unloaded after import = 9

========================================================================
Received Import Request.
  Time since last request: 0.000024 seconds.
  path: Assets/HQP STUDIOS/Rocks and Terrains Pack - Low Poly/Models/Rocks/Flat Rocks/Flat Rocks/Flat_Rock_11.fbx
  artifactKey: Guid(7f1cc9961d8b25d47a723984cf4bc603) Importer(815301076,1909f56bfc062723c751e8b465ee728b)
Start importing Assets/HQP STUDIOS/Rocks and Terrains Pack - Low Poly/Models/Rocks/Flat Rocks/Flat Rocks/Flat_Rock_11.fbx using Guid(7f1cc9961d8b25d47a723984cf4bc603) Importer(815301076,1909f56bfc062723c751e8b465ee728b) (PreviewImporter) -> (artifact id: '2a8d93fca3fe7dc825388c6217f056fb') in 0.0106902 seconds
Number of updated asset objects reloaded before import = 0Number of asset objects unloaded after import = 9

========================================================================
Received Import Request.
  Time since last request: 0.000018 seconds.
  path: Assets/HQP STUDIOS/Rocks and Terrains Pack - Low Poly/Prefabs/Rocks/Flat Rocks/Flat Rocks/Flat_Rock_14.prefab
  artifactKey: Guid(812223beea16ba84abbe10ab464b7b8c) Importer(815301076,1909f56bfc062723c751e8b465ee728b)
Start importing Assets/HQP STUDIOS/Rocks and Terrains Pack - Low Poly/Prefabs/Rocks/Flat Rocks/Flat Rocks/Flat_Rock_14.prefab using Guid(812223beea16ba84abbe10ab464b7b8c) Importer(815301076,1909f56bfc062723c751e8b465ee728b) (PreviewImporter) -> (artifact id: 'be9e73ded2eda642b74c1d14650bfc7e') in 0.0064389 seconds
Number of updated asset objects reloaded before import = 0Number of asset objects unloaded after import = 15

========================================================================
Received Import Request.
  Time since last request: 0.000016 seconds.
  path: Assets/HQP STUDIOS/Rocks and Terrains Pack - Low Poly/Models/Rocks/Flat Rocks/Flat Rocks/Flat_Rock_12.fbx
  artifactKey: Guid(45911f33c5cd283468d49e1a02bded31) Importer(815301076,1909f56bfc062723c751e8b465ee728b)
Start importing Assets/HQP STUDIOS/Rocks and Terrains Pack - Low Poly/Models/Rocks/Flat Rocks/Flat Rocks/Flat_Rock_12.fbx using Guid(45911f33c5cd283468d49e1a02bded31) Importer(815301076,1909f56bfc062723c751e8b465ee728b) (PreviewImporter) -> (artifact id: 'b2c86aad5e05271eacaf6d3f06a28286') in 0.0105775 seconds
Number of updated asset objects reloaded before import = 0Number of asset objects unloaded after import = 9

========================================================================
Received Import Request.
  Time since last request: 0.016089 seconds.
  path: Assets/HQP STUDIOS/Rocks and Terrains Pack - Low Poly/Prefabs/Rocks/Flat Rocks/Flat Rocks/Flat_Rock_15.prefab
  artifactKey: Guid(59ead56a64eef674c9c60e2fe2dd1bfc) Importer(815301076,1909f56bfc062723c751e8b465ee728b)
Start importing Assets/HQP STUDIOS/Rocks and Terrains Pack - Low Poly/Prefabs/Rocks/Flat Rocks/Flat Rocks/Flat_Rock_15.prefab using Guid(59ead56a64eef674c9c60e2fe2dd1bfc) Importer(815301076,1909f56bfc062723c751e8b465ee728b) (PreviewImporter) -> (artifact id: 'edcc3c88b83a2de07bd8df5577ce24ec') in 0.0051676 seconds
Number of updated asset objects reloaded before import = 0Number of asset objects unloaded after import = 15

========================================================================
Received Import Request.
  Time since last request: 0.000018 seconds.
  path: Assets/HQP STUDIOS/Rocks and Terrains Pack - Low Poly/Prefabs/Rocks/Flat Rocks/Flat Rocks/Flat_Rock_16.prefab
  artifactKey: Guid(9b2894410ea515248833baaa3de5b18f) Importer(815301076,1909f56bfc062723c751e8b465ee728b)
Start importing Assets/HQP STUDIOS/Rocks and Terrains Pack - Low Poly/Prefabs/Rocks/Flat Rocks/Flat Rocks/Flat_Rock_16.prefab using Guid(9b2894410ea515248833baaa3de5b18f) Importer(815301076,1909f56bfc062723c751e8b465ee728b) (PreviewImporter) -> (artifact id: 'f08e31643c81d0f49e0d3fddd5408b47') in 0.0057309 seconds
Number of updated asset objects reloaded before import = 0Number of asset objects unloaded after import = 15

========================================================================
Received Import Request.
  Time since last request: 0.000018 seconds.
  path: Assets/HQP STUDIOS/Rocks and Terrains Pack - Low Poly/Models/Rocks/Flat Rocks/Flat Rocks/Flat_Rock_16.fbx
  artifactKey: Guid(61e858d153bdc31458ab6313cf08a76a) Importer(815301076,1909f56bfc062723c751e8b465ee728b)
Start importing Assets/HQP STUDIOS/Rocks and Terrains Pack - Low Poly/Models/Rocks/Flat Rocks/Flat Rocks/Flat_Rock_16.fbx using Guid(61e858d153bdc31458ab6313cf08a76a) Importer(815301076,1909f56bfc062723c751e8b465ee728b) (PreviewImporter) -> (artifact id: 'd52913126e2f51bef888ba18367feaed') in 0.0099533 seconds
Number of updated asset objects reloaded before import = 0Number of asset objects unloaded after import = 9

========================================================================
Received Import Request.
  Time since last request: 0.006012 seconds.
  path: Assets/HQP STUDIOS/Rocks and Terrains Pack - Low Poly/Models/Rocks/Flat Rocks/Flat Rocks/Flat_Rock_18.fbx
  artifactKey: Guid(708cb25012905fd48a5c8d8723f0c0cd) Importer(815301076,1909f56bfc062723c751e8b465ee728b)
Start importing Assets/HQP STUDIOS/Rocks and Terrains Pack - Low Poly/Models/Rocks/Flat Rocks/Flat Rocks/Flat_Rock_18.fbx using Guid(708cb25012905fd48a5c8d8723f0c0cd) Importer(815301076,1909f56bfc062723c751e8b465ee728b) (PreviewImporter) -> (artifact id: 'ee12e0e31ac1009b32081ccc5bb7af8c') in 0.0103124 seconds
Number of updated asset objects reloaded before import = 0Number of asset objects unloaded after import = 9

========================================================================
Received Import Request.
  Time since last request: 0.000027 seconds.
  path: Assets/HQP STUDIOS/Rocks and Terrains Pack - Low Poly/Prefabs/Rocks/Flat Rocks/Flat Rocks/Flat_Rock_18.prefab
  artifactKey: Guid(0791334cee25621438703015d3edeada) Importer(815301076,1909f56bfc062723c751e8b465ee728b)
Start importing Assets/HQP STUDIOS/Rocks and Terrains Pack - Low Poly/Prefabs/Rocks/Flat Rocks/Flat Rocks/Flat_Rock_18.prefab using Guid(0791334cee25621438703015d3edeada) Importer(815301076,1909f56bfc062723c751e8b465ee728b) (PreviewImporter) -> (artifact id: '68dca313f9ad189236abc1281e2874fa') in 0.0051609 seconds
Number of updated asset objects reloaded before import = 0Number of asset objects unloaded after import = 15

========================================================================
Received Import Request.
  Time since last request: 0.236091 seconds.
  path: Assets/HQP STUDIOS/Rocks and Terrains Pack - Low Poly/Models/Rocks/Flat Rocks/Flat Rocks/Flat_Rock_20.fbx
  artifactKey: Guid(03fca9a2284053f40a76090bd04fa93b) Importer(815301076,1909f56bfc062723c751e8b465ee728b)
Start importing Assets/HQP STUDIOS/Rocks and Terrains Pack - Low Poly/Models/Rocks/Flat Rocks/Flat Rocks/Flat_Rock_20.fbx using Guid(03fca9a2284053f40a76090bd04fa93b) Importer(815301076,1909f56bfc062723c751e8b465ee728b) (PreviewImporter) -> (artifact id: '9e3d0d456427e91545e6cebface6e378') in 0.0102939 seconds
Number of updated asset objects reloaded before import = 0Number of asset objects unloaded after import = 9

========================================================================
Received Import Request.
  Time since last request: 0.000017 seconds.
  path: Assets/HQP STUDIOS/Rocks and Terrains Pack - Low Poly/Prefabs/Rocks/Flat Rocks/Flat Rocks/Flat_Rock_22.prefab
  artifactKey: Guid(15875045cc5d24d44a7fa4349f0a8c1d) Importer(815301076,1909f56bfc062723c751e8b465ee728b)
Start importing Assets/HQP STUDIOS/Rocks and Terrains Pack - Low Poly/Prefabs/Rocks/Flat Rocks/Flat Rocks/Flat_Rock_22.prefab using Guid(15875045cc5d24d44a7fa4349f0a8c1d) Importer(815301076,1909f56bfc062723c751e8b465ee728b) (PreviewImporter) -> (artifact id: '9693104ba1690f9d995e2c653d9e86cf') in 0.0052853 seconds
Number of updated asset objects reloaded before import = 0Number of asset objects unloaded after import = 15

========================================================================
Received Import Request.
  Time since last request: 0.000018 seconds.
  path: Assets/HQP STUDIOS/Rocks and Terrains Pack - Low Poly/Prefabs/Rocks/Flat Rocks/Flat Rocks/Flat_Rock_20.prefab
  artifactKey: Guid(9588deb2be0a34a4d9aadb4d71216349) Importer(815301076,1909f56bfc062723c751e8b465ee728b)
Start importing Assets/HQP STUDIOS/Rocks and Terrains Pack - Low Poly/Prefabs/Rocks/Flat Rocks/Flat Rocks/Flat_Rock_20.prefab using Guid(9588deb2be0a34a4d9aadb4d71216349) Importer(815301076,1909f56bfc062723c751e8b465ee728b) (PreviewImporter) -> (artifact id: '5f2a10026b2fe2954aeb43e2fa0bc0b5') in 0.0061129 seconds
Number of updated asset objects reloaded before import = 0Number of asset objects unloaded after import = 15

========================================================================
Received Import Request.
  Time since last request: 0.000022 seconds.
  path: Assets/HQP STUDIOS/Rocks and Terrains Pack - Low Poly/Prefabs/Rocks/Flat Rocks/Flat Rocks/Flat_Rock_27.prefab
  artifactKey: Guid(6bcf2adb0a61e4244a0d7ac953bb757d) Importer(815301076,1909f56bfc062723c751e8b465ee728b)
Start importing Assets/HQP STUDIOS/Rocks and Terrains Pack - Low Poly/Prefabs/Rocks/Flat Rocks/Flat Rocks/Flat_Rock_27.prefab using Guid(6bcf2adb0a61e4244a0d7ac953bb757d) Importer(815301076,1909f56bfc062723c751e8b465ee728b) (PreviewImporter) -> (artifact id: '7e86073f8c72745edaf34267f0b730c0') in 0.0050033 seconds
Number of updated asset objects reloaded before import = 0Number of asset objects unloaded after import = 15

========================================================================
Received Import Request.
  Time since last request: 0.000018 seconds.
  path: Assets/HQP STUDIOS/Rocks and Terrains Pack - Low Poly/Prefabs/Rocks/Flat Rocks/Flat Rocks/Flat_Rock_21.prefab
  artifactKey: Guid(ff78fae447f743940b941600ea2e390d) Importer(815301076,1909f56bfc062723c751e8b465ee728b)
Start importing Assets/HQP STUDIOS/Rocks and Terrains Pack - Low Poly/Prefabs/Rocks/Flat Rocks/Flat Rocks/Flat_Rock_21.prefab using Guid(ff78fae447f743940b941600ea2e390d) Importer(815301076,1909f56bfc062723c751e8b465ee728b) (PreviewImporter) -> (artifact id: '69be4d8eea5cba57d9a3a5dee07825ab') in 0.005395 seconds
Number of updated asset objects reloaded before import = 0Number of asset objects unloaded after import = 15

========================================================================
Received Import Request.
  Time since last request: 0.000019 seconds.
  path: Assets/HQP STUDIOS/Rocks and Terrains Pack - Low Poly/Prefabs/Rocks/Flat Rocks/Flat Rocks/Flat_Rock_23.prefab
  artifactKey: Guid(58728857d28e62d418020ce079caf199) Importer(815301076,1909f56bfc062723c751e8b465ee728b)
Start importing Assets/HQP STUDIOS/Rocks and Terrains Pack - Low Poly/Prefabs/Rocks/Flat Rocks/Flat Rocks/Flat_Rock_23.prefab using Guid(58728857d28e62d418020ce079caf199) Importer(815301076,1909f56bfc062723c751e8b465ee728b) (PreviewImporter) -> (artifact id: '54966427286a124072a066680e598722') in 0.0053314 seconds
Number of updated asset objects reloaded before import = 0Number of asset objects unloaded after import = 15

========================================================================
Received Import Request.
  Time since last request: 0.000018 seconds.
  path: Assets/HQP STUDIOS/Rocks and Terrains Pack - Low Poly/Models/Rocks/Flat Rocks/Flat Rocks/Flat_Rock_24.fbx
  artifactKey: Guid(fddfd1627390bfd418cba2e3fc04c1ad) Importer(815301076,1909f56bfc062723c751e8b465ee728b)
Start importing Assets/HQP STUDIOS/Rocks and Terrains Pack - Low Poly/Models/Rocks/Flat Rocks/Flat Rocks/Flat_Rock_24.fbx using Guid(fddfd1627390bfd418cba2e3fc04c1ad) Importer(815301076,1909f56bfc062723c751e8b465ee728b) (PreviewImporter) -> (artifact id: '0cda37fcdc55d962a20a59f35fd92abb') in 0.0096889 seconds
Number of updated asset objects reloaded before import = 0Number of asset objects unloaded after import = 9

========================================================================
Received Import Request.
  Time since last request: 0.000020 seconds.
  path: Assets/HQP STUDIOS/Rocks and Terrains Pack - Low Poly/Models/Rocks/Flat Rocks/Flat Rocks/Flat_Rock_26.fbx
  artifactKey: Guid(4a90783348b7d4d4cad9bdfc71d60d7b) Importer(815301076,1909f56bfc062723c751e8b465ee728b)
Start importing Assets/HQP STUDIOS/Rocks and Terrains Pack - Low Poly/Models/Rocks/Flat Rocks/Flat Rocks/Flat_Rock_26.fbx using Guid(4a90783348b7d4d4cad9bdfc71d60d7b) Importer(815301076,1909f56bfc062723c751e8b465ee728b) (PreviewImporter) -> (artifact id: 'deba1753e0bc71c95109e9bb55525120') in 0.0101897 seconds
Number of updated asset objects reloaded before import = 0Number of asset objects unloaded after import = 9

========================================================================
Received Import Request.
  Time since last request: 0.000026 seconds.
  path: Assets/HQP STUDIOS/Rocks and Terrains Pack - Low Poly/Prefabs/Rocks/Flat Rocks/Flat Rocks/Flat_Rock_26.prefab
  artifactKey: Guid(50bd887141e298e4891ba88e46b1073a) Importer(815301076,1909f56bfc062723c751e8b465ee728b)
Start importing Assets/HQP STUDIOS/Rocks and Terrains Pack - Low Poly/Prefabs/Rocks/Flat Rocks/Flat Rocks/Flat_Rock_26.prefab using Guid(50bd887141e298e4891ba88e46b1073a) Importer(815301076,1909f56bfc062723c751e8b465ee728b) (PreviewImporter) -> (artifact id: '8fe7f822ccb44c23497b2b36a69e371b') in 0.0055543 seconds
Number of updated asset objects reloaded before import = 0Number of asset objects unloaded after import = 15

========================================================================
Received Import Request.
  Time since last request: 0.107616 seconds.
  path: Assets/HQP STUDIOS/Rocks and Terrains Pack - Low Poly/Prefabs/Rocks/Flat Rocks/Snow Flat Rocks/Flat_Snow_Rock_1.prefab
  artifactKey: Guid(2506053c44530c4418aee293416ad959) Importer(815301076,1909f56bfc062723c751e8b465ee728b)
Start importing Assets/HQP STUDIOS/Rocks and Terrains Pack - Low Poly/Prefabs/Rocks/Flat Rocks/Snow Flat Rocks/Flat_Snow_Rock_1.prefab using Guid(2506053c44530c4418aee293416ad959) Importer(815301076,1909f56bfc062723c751e8b465ee728b) (PreviewImporter) -> (artifact id: 'b6f5bdd17e629bfeb77baf7f00e82bf7') in 0.005147 seconds
Number of updated asset objects reloaded before import = 0Number of asset objects unloaded after import = 15

========================================================================
Received Import Request.
  Time since last request: 0.000019 seconds.
  path: Assets/HQP STUDIOS/Rocks and Terrains Pack - Low Poly/Models/Rocks/Flat Rocks/Snow Flat Rocks/Flat_Snow_Rock_1.fbx
  artifactKey: Guid(70aee7d8cac8afe4a8e15a2ae200566f) Importer(815301076,1909f56bfc062723c751e8b465ee728b)
Start importing Assets/HQP STUDIOS/Rocks and Terrains Pack - Low Poly/Models/Rocks/Flat Rocks/Snow Flat Rocks/Flat_Snow_Rock_1.fbx using Guid(70aee7d8cac8afe4a8e15a2ae200566f) Importer(815301076,1909f56bfc062723c751e8b465ee728b) (PreviewImporter) -> (artifact id: 'edd54ddbc348412e417432cbde139b03') in 0.0102796 seconds
Number of updated asset objects reloaded before import = 0Number of asset objects unloaded after import = 9

========================================================================
Received Import Request.
  Time since last request: 0.000017 seconds.
  path: Assets/HQP STUDIOS/Rocks and Terrains Pack - Low Poly/Models/Rocks/Flat Rocks/Snow Flat Rocks/Flat_Snow_Rock_2.fbx
  artifactKey: Guid(ed071a08d2aff6c47bb4a0647e949400) Importer(815301076,1909f56bfc062723c751e8b465ee728b)
Start importing Assets/HQP STUDIOS/Rocks and Terrains Pack - Low Poly/Models/Rocks/Flat Rocks/Snow Flat Rocks/Flat_Snow_Rock_2.fbx using Guid(ed071a08d2aff6c47bb4a0647e949400) Importer(815301076,1909f56bfc062723c751e8b465ee728b) (PreviewImporter) -> (artifact id: '46385b0544def03c0680dccfad0567c6') in 0.0104565 seconds
Number of updated asset objects reloaded before import = 0Number of asset objects unloaded after import = 9

========================================================================
Received Import Request.
  Time since last request: 0.055130 seconds.
  path: Assets/HQP STUDIOS/Rocks and Terrains Pack - Low Poly/Prefabs/Rocks/Flat Rocks/Snow Flat Rocks/Flat_Snow_Rock_4.prefab
  artifactKey: Guid(1c4ffdb542c8a8e44ad15920ed075634) Importer(815301076,1909f56bfc062723c751e8b465ee728b)
Start importing Assets/HQP STUDIOS/Rocks and Terrains Pack - Low Poly/Prefabs/Rocks/Flat Rocks/Snow Flat Rocks/Flat_Snow_Rock_4.prefab using Guid(1c4ffdb542c8a8e44ad15920ed075634) Importer(815301076,1909f56bfc062723c751e8b465ee728b) (PreviewImporter) -> (artifact id: '2554531c0e279b679dd645ba1d578628') in 0.0053401 seconds
Number of updated asset objects reloaded before import = 0Number of asset objects unloaded after import = 15

========================================================================
Received Import Request.
  Time since last request: 0.000021 seconds.
  path: Assets/HQP STUDIOS/Rocks and Terrains Pack - Low Poly/Models/Rocks/Flat Rocks/Snow Flat Rocks/Flat_Snow_Rock_5.fbx
  artifactKey: Guid(2b973709494907b43b073be85e59b7d4) Importer(815301076,1909f56bfc062723c751e8b465ee728b)
Start importing Assets/HQP STUDIOS/Rocks and Terrains Pack - Low Poly/Models/Rocks/Flat Rocks/Snow Flat Rocks/Flat_Snow_Rock_5.fbx using Guid(2b973709494907b43b073be85e59b7d4) Importer(815301076,1909f56bfc062723c751e8b465ee728b) (PreviewImporter) -> (artifact id: '7a43005c2b2f198ebd607b8fb58083b9') in 0.0103384 seconds
Number of updated asset objects reloaded before import = 0Number of asset objects unloaded after import = 9

========================================================================
Received Import Request.
  Time since last request: 0.000019 seconds.
  path: Assets/HQP STUDIOS/Rocks and Terrains Pack - Low Poly/Models/Rocks/Flat Rocks/Snow Flat Rocks/Flat_Snow_Rock_7.fbx
  artifactKey: Guid(6a92eab310bbd0d45925cc630985737d) Importer(815301076,1909f56bfc062723c751e8b465ee728b)
Start importing Assets/HQP STUDIOS/Rocks and Terrains Pack - Low Poly/Models/Rocks/Flat Rocks/Snow Flat Rocks/Flat_Snow_Rock_7.fbx using Guid(6a92eab310bbd0d45925cc630985737d) Importer(815301076,1909f56bfc062723c751e8b465ee728b) (PreviewImporter) -> (artifact id: '2b5df3a0e9c9c4394dc28c2771896ebe') in 0.0110187 seconds
Number of updated asset objects reloaded before import = 0Number of asset objects unloaded after import = 9

========================================================================
Received Import Request.
  Time since last request: 0.000019 seconds.
  path: Assets/HQP STUDIOS/Rocks and Terrains Pack - Low Poly/Prefabs/Rocks/Flat Rocks/Snow Flat Rocks/Flat_Snow_Rock_7.prefab
  artifactKey: Guid(85661282480f3b04383ded71791f6614) Importer(815301076,1909f56bfc062723c751e8b465ee728b)
Start importing Assets/HQP STUDIOS/Rocks and Terrains Pack - Low Poly/Prefabs/Rocks/Flat Rocks/Snow Flat Rocks/Flat_Snow_Rock_7.prefab using Guid(85661282480f3b04383ded71791f6614) Importer(815301076,1909f56bfc062723c751e8b465ee728b) (PreviewImporter) -> (artifact id: '3a7aa454dbf38216b3a25b19f7eef81a') in 0.0053713 seconds
Number of updated asset objects reloaded before import = 0Number of asset objects unloaded after import = 15

========================================================================
Received Import Request.
  Time since last request: 0.000018 seconds.
  path: Assets/HQP STUDIOS/Rocks and Terrains Pack - Low Poly/Models/Rocks/Flat Rocks/Snow Flat Rocks/Flat_Snow_Rock_8.fbx
  artifactKey: Guid(8aff9ef572f8b78468d0b720f47f46c0) Importer(815301076,1909f56bfc062723c751e8b465ee728b)
Start importing Assets/HQP STUDIOS/Rocks and Terrains Pack - Low Poly/Models/Rocks/Flat Rocks/Snow Flat Rocks/Flat_Snow_Rock_8.fbx using Guid(8aff9ef572f8b78468d0b720f47f46c0) Importer(815301076,1909f56bfc062723c751e8b465ee728b) (PreviewImporter) -> (artifact id: '051003066da32eee894eef1f7a467536') in 0.0106959 seconds
Number of updated asset objects reloaded before import = 0Number of asset objects unloaded after import = 9

========================================================================
Received Import Request.
  Time since last request: 0.000018 seconds.
  path: Assets/HQP STUDIOS/Rocks and Terrains Pack - Low Poly/Prefabs/Rocks/Flat Rocks/Snow Flat Rocks/Flat_Snow_Rock_5.prefab
  artifactKey: Guid(430514ab24a1f844c8d936574ac3238b) Importer(815301076,1909f56bfc062723c751e8b465ee728b)
Start importing Assets/HQP STUDIOS/Rocks and Terrains Pack - Low Poly/Prefabs/Rocks/Flat Rocks/Snow Flat Rocks/Flat_Snow_Rock_5.prefab using Guid(430514ab24a1f844c8d936574ac3238b) Importer(815301076,1909f56bfc062723c751e8b465ee728b) (PreviewImporter) -> (artifact id: '11b1dd66ec61b0c006fd6db31fc51e57') in 0.0067493 seconds
Number of updated asset objects reloaded before import = 0Number of asset objects unloaded after import = 15

========================================================================
Received Import Request.
  Time since last request: 0.126496 seconds.
  path: Assets/HQP STUDIOS/Rocks and Terrains Pack - Low Poly/Models/Rocks/Flat Rocks/Snow Flat Rocks/Flat_Snow_Rock_10.fbx
  artifactKey: Guid(3b4a6672c98702c4496990db2b2ad84e) Importer(815301076,1909f56bfc062723c751e8b465ee728b)
Start importing Assets/HQP STUDIOS/Rocks and Terrains Pack - Low Poly/Models/Rocks/Flat Rocks/Snow Flat Rocks/Flat_Snow_Rock_10.fbx using Guid(3b4a6672c98702c4496990db2b2ad84e) Importer(815301076,1909f56bfc062723c751e8b465ee728b) (PreviewImporter) -> (artifact id: '0c74b04ceffdb5648be58cc9b4fbf6b5') in 0.0119396 seconds
Number of updated asset objects reloaded before import = 0Number of asset objects unloaded after import = 9

========================================================================
Received Import Request.
  Time since last request: 0.000018 seconds.
  path: Assets/HQP STUDIOS/Rocks and Terrains Pack - Low Poly/Prefabs/Rocks/Flat Rocks/Snow Flat Rocks/Flat_Snow_Rock_10.prefab
  artifactKey: Guid(a62ac34917e8ace49ac8bb6f9b6368ab) Importer(815301076,1909f56bfc062723c751e8b465ee728b)
Start importing Assets/HQP STUDIOS/Rocks and Terrains Pack - Low Poly/Prefabs/Rocks/Flat Rocks/Snow Flat Rocks/Flat_Snow_Rock_10.prefab using Guid(a62ac34917e8ace49ac8bb6f9b6368ab) Importer(815301076,1909f56bfc062723c751e8b465ee728b) (PreviewImporter) -> (artifact id: '050036e5a02b5055083698a441548029') in 0.0054608 seconds
Number of updated asset objects reloaded before import = 0Number of asset objects unloaded after import = 15

========================================================================
Received Import Request.
  Time since last request: 0.000018 seconds.
  path: Assets/HQP STUDIOS/Rocks and Terrains Pack - Low Poly/Models/Rocks/Flat Rocks/Snow Flat Rocks/Flat_Snow_Rock_12.fbx
  artifactKey: Guid(f6410e3f4248f7840a168a9a3fc8d3b2) Importer(815301076,1909f56bfc062723c751e8b465ee728b)
Start importing Assets/HQP STUDIOS/Rocks and Terrains Pack - Low Poly/Models/Rocks/Flat Rocks/Snow Flat Rocks/Flat_Snow_Rock_12.fbx using Guid(f6410e3f4248f7840a168a9a3fc8d3b2) Importer(815301076,1909f56bfc062723c751e8b465ee728b) (PreviewImporter) -> (artifact id: '8f1bfebc40a11e0ae9431ae45e5adfc5') in 0.0101364 seconds
Number of updated asset objects reloaded before import = 0Number of asset objects unloaded after import = 9

========================================================================
Received Import Request.
  Time since last request: 0.000021 seconds.
  path: Assets/HQP STUDIOS/Rocks and Terrains Pack - Low Poly/Models/Rocks/Flat Rocks/Snow Flat Rocks/Flat_Snow_Rock_13.fbx
  artifactKey: Guid(20681c84a9419df4889ae7f56bc46650) Importer(815301076,1909f56bfc062723c751e8b465ee728b)
Start importing Assets/HQP STUDIOS/Rocks and Terrains Pack - Low Poly/Models/Rocks/Flat Rocks/Snow Flat Rocks/Flat_Snow_Rock_13.fbx using Guid(20681c84a9419df4889ae7f56bc46650) Importer(815301076,1909f56bfc062723c751e8b465ee728b) (PreviewImporter) -> (artifact id: '02200002dd5b346d8015d4df6dee2f84') in 0.0102598 seconds
Number of updated asset objects reloaded before import = 0Number of asset objects unloaded after import = 9

========================================================================
Received Import Request.
  Time since last request: 0.000027 seconds.
  path: Assets/HQP STUDIOS/Rocks and Terrains Pack - Low Poly/Prefabs/Rocks/Flat Rocks/Snow Flat Rocks/Flat_Snow_Rock_13.prefab
  artifactKey: Guid(4fb7966632796ca4592074224be5848a) Importer(815301076,1909f56bfc062723c751e8b465ee728b)
Start importing Assets/HQP STUDIOS/Rocks and Terrains Pack - Low Poly/Prefabs/Rocks/Flat Rocks/Snow Flat Rocks/Flat_Snow_Rock_13.prefab using Guid(4fb7966632796ca4592074224be5848a) Importer(815301076,1909f56bfc062723c751e8b465ee728b) (PreviewImporter) -> (artifact id: '9f01bb67abaf90a57def2611627a954a') in 0.0049369 seconds
Number of updated asset objects reloaded before import = 0Number of asset objects unloaded after import = 15

========================================================================
Received Import Request.
  Time since last request: 0.000017 seconds.
  path: Assets/HQP STUDIOS/Rocks and Terrains Pack - Low Poly/Prefabs/Rocks/Flat Rocks/Snow Flat Rocks/Flat_Snow_Rock_15.prefab
  artifactKey: Guid(fc7808db61a55a64d8596269ff92a95c) Importer(815301076,1909f56bfc062723c751e8b465ee728b)
Start importing Assets/HQP STUDIOS/Rocks and Terrains Pack - Low Poly/Prefabs/Rocks/Flat Rocks/Snow Flat Rocks/Flat_Snow_Rock_15.prefab using Guid(fc7808db61a55a64d8596269ff92a95c) Importer(815301076,1909f56bfc062723c751e8b465ee728b) (PreviewImporter) -> (artifact id: 'a2859d57a21482bcd0e6c59a477309c5') in 0.0052048 seconds
Number of updated asset objects reloaded before import = 0Number of asset objects unloaded after import = 15

========================================================================
Received Import Request.
  Time since last request: 0.000017 seconds.
  path: Assets/HQP STUDIOS/Rocks and Terrains Pack - Low Poly/Prefabs/Rocks/Flat Rocks/Snow Flat Rocks/Flat_Snow_Rock_17.prefab
  artifactKey: Guid(e363c8c00427a27419bc2a211ff39e86) Importer(815301076,1909f56bfc062723c751e8b465ee728b)
Start importing Assets/HQP STUDIOS/Rocks and Terrains Pack - Low Poly/Prefabs/Rocks/Flat Rocks/Snow Flat Rocks/Flat_Snow_Rock_17.prefab using Guid(e363c8c00427a27419bc2a211ff39e86) Importer(815301076,1909f56bfc062723c751e8b465ee728b) (PreviewImporter) -> (artifact id: 'd473673f3342064a64bda71abada8195') in 0.0082311 seconds
Number of updated asset objects reloaded before import = 0Number of asset objects unloaded after import = 15

========================================================================
Received Import Request.
  Time since last request: 0.000016 seconds.
  path: Assets/HQP STUDIOS/Rocks and Terrains Pack - Low Poly/Models/Rocks/Flat Rocks/Snow Flat Rocks/Flat_Snow_Rock_16.fbx
  artifactKey: Guid(dc0bc0122aff2f94e87518f1010751f5) Importer(815301076,1909f56bfc062723c751e8b465ee728b)
Start importing Assets/HQP STUDIOS/Rocks and Terrains Pack - Low Poly/Models/Rocks/Flat Rocks/Snow Flat Rocks/Flat_Snow_Rock_16.fbx using Guid(dc0bc0122aff2f94e87518f1010751f5) Importer(815301076,1909f56bfc062723c751e8b465ee728b) (PreviewImporter) -> (artifact id: 'd510310f39b5eabca0c0cba7f7344c24') in 0.0106801 seconds
Number of updated asset objects reloaded before import = 0Number of asset objects unloaded after import = 9

========================================================================
Received Import Request.
  Time since last request: 0.005421 seconds.
  path: Assets/HQP STUDIOS/Rocks and Terrains Pack - Low Poly/Models/Rocks/Flat Rocks/Snow Flat Rocks/Flat_Snow_Rock_18.fbx
  artifactKey: Guid(796ed1fb2b0a5a2448a15634db027eb6) Importer(815301076,1909f56bfc062723c751e8b465ee728b)
Start importing Assets/HQP STUDIOS/Rocks and Terrains Pack - Low Poly/Models/Rocks/Flat Rocks/Snow Flat Rocks/Flat_Snow_Rock_18.fbx using Guid(796ed1fb2b0a5a2448a15634db027eb6) Importer(815301076,1909f56bfc062723c751e8b465ee728b) (PreviewImporter) -> (artifact id: '2a9d7ba565ad5eb8b126a46457424222') in 0.0096601 seconds
Number of updated asset objects reloaded before import = 0Number of asset objects unloaded after import = 9

========================================================================
Received Import Request.
  Time since last request: 0.000017 seconds.
  path: Assets/HQP STUDIOS/Rocks and Terrains Pack - Low Poly/Models/Rocks/Flat Rocks/Snow Flat Rocks/Flat_Snow_Rock_19.fbx
  artifactKey: Guid(c040e2eeacd3d45478327193861ccd45) Importer(815301076,1909f56bfc062723c751e8b465ee728b)
Start importing Assets/HQP STUDIOS/Rocks and Terrains Pack - Low Poly/Models/Rocks/Flat Rocks/Snow Flat Rocks/Flat_Snow_Rock_19.fbx using Guid(c040e2eeacd3d45478327193861ccd45) Importer(815301076,1909f56bfc062723c751e8b465ee728b) (PreviewImporter) -> (artifact id: '6ec9b2b1750fc458483fd3999bfeeb0d') in 0.0100614 seconds
Number of updated asset objects reloaded before import = 0Number of asset objects unloaded after import = 9

========================================================================
Received Import Request.
  Time since last request: 0.000016 seconds.
  path: Assets/HQP STUDIOS/Rocks and Terrains Pack - Low Poly/Models/Rocks/Flat Rocks/Snow Flat Rocks/Flat_Snow_Rock_20.fbx
  artifactKey: Guid(ebdca990fd8d6ea49824a17219453aa4) Importer(815301076,1909f56bfc062723c751e8b465ee728b)
Start importing Assets/HQP STUDIOS/Rocks and Terrains Pack - Low Poly/Models/Rocks/Flat Rocks/Snow Flat Rocks/Flat_Snow_Rock_20.fbx using Guid(ebdca990fd8d6ea49824a17219453aa4) Importer(815301076,1909f56bfc062723c751e8b465ee728b) (PreviewImporter) -> (artifact id: 'cdfb6bcdcb7863088f5b3be05ccb23f9') in 0.0129254 seconds
Number of updated asset objects reloaded before import = 0Number of asset objects unloaded after import = 9

========================================================================
Received Import Request.
  Time since last request: 0.000017 seconds.
  path: Assets/HQP STUDIOS/Rocks and Terrains Pack - Low Poly/Prefabs/Rocks/Flat Rocks/Snow Flat Rocks/Flat_Snow_Rock_22.prefab
  artifactKey: Guid(db55c05d9c7f6fb49b6ba454ca14aab3) Importer(815301076,1909f56bfc062723c751e8b465ee728b)
Start importing Assets/HQP STUDIOS/Rocks and Terrains Pack - Low Poly/Prefabs/Rocks/Flat Rocks/Snow Flat Rocks/Flat_Snow_Rock_22.prefab using Guid(db55c05d9c7f6fb49b6ba454ca14aab3) Importer(815301076,1909f56bfc062723c751e8b465ee728b) (PreviewImporter) -> (artifact id: '7e89f2acc29d67d89317e5634b032f99') in 0.0053579 seconds
Number of updated asset objects reloaded before import = 0Number of asset objects unloaded after import = 15

========================================================================
Received Import Request.
  Time since last request: 0.000021 seconds.
  path: Assets/HQP STUDIOS/Rocks and Terrains Pack - Low Poly/Models/Rocks/Flat Rocks/Snow Flat Rocks/Flat_Snow_Rock_25.fbx
  artifactKey: Guid(1613a6514d23cbe4484ad234ef937c71) Importer(815301076,1909f56bfc062723c751e8b465ee728b)
Start importing Assets/HQP STUDIOS/Rocks and Terrains Pack - Low Poly/Models/Rocks/Flat Rocks/Snow Flat Rocks/Flat_Snow_Rock_25.fbx using Guid(1613a6514d23cbe4484ad234ef937c71) Importer(815301076,1909f56bfc062723c751e8b465ee728b) (PreviewImporter) -> (artifact id: 'eea58e90b9af340562a1df3b1c3691e3') in 0.0107014 seconds
Number of updated asset objects reloaded before import = 0Number of asset objects unloaded after import = 9

========================================================================
Received Import Request.
  Time since last request: 0.000027 seconds.
  path: Assets/HQP STUDIOS/Rocks and Terrains Pack - Low Poly/Prefabs/Rocks/Flat Rocks/Snow Flat Rocks/Flat_Snow_Rock_23.prefab
  artifactKey: Guid(a4756b028fc76bc4e8be843043f3dac6) Importer(815301076,1909f56bfc062723c751e8b465ee728b)
Start importing Assets/HQP STUDIOS/Rocks and Terrains Pack - Low Poly/Prefabs/Rocks/Flat Rocks/Snow Flat Rocks/Flat_Snow_Rock_23.prefab using Guid(a4756b028fc76bc4e8be843043f3dac6) Importer(815301076,1909f56bfc062723c751e8b465ee728b) (PreviewImporter) -> (artifact id: 'a3d4528e3d86d9c3d2ccbe9ebe99fc85') in 0.005899 seconds
Number of updated asset objects reloaded before import = 0Number of asset objects unloaded after import = 15

========================================================================
Received Import Request.
  Time since last request: 0.000018 seconds.
  path: Assets/HQP STUDIOS/Rocks and Terrains Pack - Low Poly/Models/Rocks/Flat Rocks/Snow Flat Rocks/Flat_Snow_Rock_21.fbx
  artifactKey: Guid(bb6c626e71ecf524a8473059ff9862a7) Importer(815301076,1909f56bfc062723c751e8b465ee728b)
Start importing Assets/HQP STUDIOS/Rocks and Terrains Pack - Low Poly/Models/Rocks/Flat Rocks/Snow Flat Rocks/Flat_Snow_Rock_21.fbx using Guid(bb6c626e71ecf524a8473059ff9862a7) Importer(815301076,1909f56bfc062723c751e8b465ee728b) (PreviewImporter) -> (artifact id: 'f2bff9fbd05878d56fe48576ead00393') in 0.0112411 seconds
Number of updated asset objects reloaded before import = 0Number of asset objects unloaded after import = 9

========================================================================
Received Import Request.
  Time since last request: 0.000020 seconds.
  path: Assets/HQP STUDIOS/Rocks and Terrains Pack - Low Poly/Models/Rocks/Flat Rocks/Snow Flat Rocks/Flat_Snow_Rock_24.fbx
  artifactKey: Guid(4fe6f14ba5bd8af48a3006c79381e48c) Importer(815301076,1909f56bfc062723c751e8b465ee728b)
Start importing Assets/HQP STUDIOS/Rocks and Terrains Pack - Low Poly/Models/Rocks/Flat Rocks/Snow Flat Rocks/Flat_Snow_Rock_24.fbx using Guid(4fe6f14ba5bd8af48a3006c79381e48c) Importer(815301076,1909f56bfc062723c751e8b465ee728b) (PreviewImporter) -> (artifact id: '2f780bcf21025d00ab5ad3dc06c37d0c') in 0.0103547 seconds
Number of updated asset objects reloaded before import = 0Number of asset objects unloaded after import = 9

========================================================================
Received Import Request.
  Time since last request: 0.000018 seconds.
  path: Assets/HQP STUDIOS/Rocks and Terrains Pack - Low Poly/Prefabs/Rocks/Flat Rocks/Snow Flat Rocks/Flat_Snow_Rock_24.prefab
  artifactKey: Guid(134bdee6b3f881441b7b3718eb547de8) Importer(815301076,1909f56bfc062723c751e8b465ee728b)
Start importing Assets/HQP STUDIOS/Rocks and Terrains Pack - Low Poly/Prefabs/Rocks/Flat Rocks/Snow Flat Rocks/Flat_Snow_Rock_24.prefab using Guid(134bdee6b3f881441b7b3718eb547de8) Importer(815301076,1909f56bfc062723c751e8b465ee728b) (PreviewImporter) -> (artifact id: '73cc2b8d5e8fe06c3cb9acfd7a371461') in 0.0051549 seconds
Number of updated asset objects reloaded before import = 0Number of asset objects unloaded after import = 15

========================================================================
Received Import Request.
  Time since last request: 0.119199 seconds.
  path: Assets/HQP STUDIOS/Rocks and Terrains Pack - Low Poly/Prefabs/Rocks/Flat Rocks/Snow Flat Rocks/Flat_Snow_Rock_27.prefab
  artifactKey: Guid(64f592427ac0e1b41a659a72160c6b66) Importer(815301076,1909f56bfc062723c751e8b465ee728b)
Start importing Assets/HQP STUDIOS/Rocks and Terrains Pack - Low Poly/Prefabs/Rocks/Flat Rocks/Snow Flat Rocks/Flat_Snow_Rock_27.prefab using Guid(64f592427ac0e1b41a659a72160c6b66) Importer(815301076,1909f56bfc062723c751e8b465ee728b) (PreviewImporter) -> (artifact id: '6964b4fcfd292c94fddc39365b4a9016') in 0.0052897 seconds
Number of updated asset objects reloaded before import = 0Number of asset objects unloaded after import = 15

========================================================================
Received Import Request.
  Time since last request: 0.000021 seconds.
  path: Assets/HQP STUDIOS/Rocks and Terrains Pack - Low Poly/Prefabs/Rocks/Flat Rocks/Snow Flat Rocks/Flat_Snow_Rock_28.prefab
  artifactKey: Guid(4a88bc4a50bca904ba0b24b887702e80) Importer(815301076,1909f56bfc062723c751e8b465ee728b)
Start importing Assets/HQP STUDIOS/Rocks and Terrains Pack - Low Poly/Prefabs/Rocks/Flat Rocks/Snow Flat Rocks/Flat_Snow_Rock_28.prefab using Guid(4a88bc4a50bca904ba0b24b887702e80) Importer(815301076,1909f56bfc062723c751e8b465ee728b) (PreviewImporter) -> (artifact id: 'c16f5f07529ab2c1c9ee33bc6a222d9d') in 0.0052974 seconds
Number of updated asset objects reloaded before import = 0Number of asset objects unloaded after import = 15

========================================================================
Received Import Request.
  Time since last request: 0.000017 seconds.
  path: Assets/HQP STUDIOS/Rocks and Terrains Pack - Low Poly/Models/Rocks/Flat Rocks/Snow Flat Rocks/Flat_Snow_Rock_27.fbx
  artifactKey: Guid(af7cf34113800984ea9e874b9ef40078) Importer(815301076,1909f56bfc062723c751e8b465ee728b)
Start importing Assets/HQP STUDIOS/Rocks and Terrains Pack - Low Poly/Models/Rocks/Flat Rocks/Snow Flat Rocks/Flat_Snow_Rock_27.fbx using Guid(af7cf34113800984ea9e874b9ef40078) Importer(815301076,1909f56bfc062723c751e8b465ee728b) (PreviewImporter) -> (artifact id: 'a4e88b85a7a2d01517b65716576cd14f') in 0.0093902 seconds
Number of updated asset objects reloaded before import = 0Number of asset objects unloaded after import = 9

========================================================================
Received Import Request.
  Time since last request: 0.020880 seconds.
  path: Assets/Happy Little Trees - Free nature pack by Nebula/Meshes/Foilage/GrondFlower/GroundFlower_001.fbx
  artifactKey: Guid(c7f2c51e13a1fdd419b5321fd6750a25) Importer(815301076,1909f56bfc062723c751e8b465ee728b)
Start importing Assets/Happy Little Trees - Free nature pack by Nebula/Meshes/Foilage/GrondFlower/GroundFlower_001.fbx using Guid(c7f2c51e13a1fdd419b5321fd6750a25) Importer(815301076,1909f56bfc062723c751e8b465ee728b) (PreviewImporter) -> (artifact id: 'b66af591238a98815edd6591ba2e6a1f') in 0.0068359 seconds
Number of updated asset objects reloaded before import = 0Number of asset objects unloaded after import = 7

========================================================================
Received Import Request.
  Time since last request: 0.124551 seconds.
  path: Assets/Happy Little Trees - Free nature pack by Nebula/Particles/LightShaft.prefab
  artifactKey: Guid(c9b01205f53f29f41b5d916a2f5543ed) Importer(815301076,1909f56bfc062723c751e8b465ee728b)
Start importing Assets/Happy Little Trees - Free nature pack by Nebula/Particles/LightShaft.prefab using Guid(c9b01205f53f29f41b5d916a2f5543ed) Importer(815301076,1909f56bfc062723c751e8b465ee728b) (PreviewImporter) -> (artifact id: 'cbc6676eea20b3668d714d62878ac36f') in 0.0832329 seconds
Number of updated asset objects reloaded before import = 0Number of asset objects unloaded after import = 6

========================================================================
Received Import Request.
  Time since last request: 0.000020 seconds.
  path: Assets/HQP STUDIOS/Rocks and Terrains Pack - Low Poly/Prefabs/Terrains/Mountains/NoLOD/Mountain_L_02.prefab
  artifactKey: Guid(a7f9cc5b0c3276548a7c9457bf420964) Importer(815301076,1909f56bfc062723c751e8b465ee728b)
Start importing Assets/HQP STUDIOS/Rocks and Terrains Pack - Low Poly/Prefabs/Terrains/Mountains/NoLOD/Mountain_L_02.prefab using Guid(a7f9cc5b0c3276548a7c9457bf420964) Importer(815301076,1909f56bfc062723c751e8b465ee728b) (PreviewImporter) -> (artifact id: '2587825ee5bf04c451ab66894b2cf781') in 0.0090931 seconds
Number of updated asset objects reloaded before import = 0Number of asset objects unloaded after import = 14

========================================================================
Received Import Request.
  Time since last request: 0.000020 seconds.
  path: Assets/HQP STUDIOS/Rocks and Terrains Pack - Low Poly/Prefabs/Terrains/Mountains/LOD/Mountain_L_01_LOD.prefab
  artifactKey: Guid(b116b9ea28a34d243adadefbce82b067) Importer(815301076,1909f56bfc062723c751e8b465ee728b)
Start importing Assets/HQP STUDIOS/Rocks and Terrains Pack - Low Poly/Prefabs/Terrains/Mountains/LOD/Mountain_L_01_LOD.prefab using Guid(b116b9ea28a34d243adadefbce82b067) Importer(815301076,1909f56bfc062723c751e8b465ee728b) (PreviewImporter) -> (artifact id: '51dea83b3f64e2cf50273d77127526e0') in 0.0157787 seconds
Number of updated asset objects reloaded before import = 0Number of asset objects unloaded after import = 28

========================================================================
Received Import Request.
  Time since last request: 0.000024 seconds.
  path: Assets/AA_UniversalCharacter/Prefabs/M_AA_002.prefab
  artifactKey: Guid(c1a6213308e9d2a44bce4d03a2b8b6b4) Importer(815301076,1909f56bfc062723c751e8b465ee728b)
Start importing Assets/AA_UniversalCharacter/Prefabs/M_AA_002.prefab using Guid(c1a6213308e9d2a44bce4d03a2b8b6b4) Importer(815301076,1909f56bfc062723c751e8b465ee728b) (PreviewImporter) -> (artifact id: 'f97f77848079c0d2ab94f4f726f4ca57') in 0.0124115 seconds
Number of updated asset objects reloaded before import = 0Number of asset objects unloaded after import = 332

========================================================================
Received Import Request.
  Time since last request: 533.776442 seconds.
  path: Assets/Happy Little Trees - Free nature pack by Nebula/Meshes/Foilage/Mushrooms/Mushroom_001.fbx
  artifactKey: Guid(74639a08d6ba9f3439e75908942e6410) Importer(815301076,1909f56bfc062723c751e8b465ee728b)
Start importing Assets/Happy Little Trees - Free nature pack by Nebula/Meshes/Foilage/Mushrooms/Mushroom_001.fbx using Guid(74639a08d6ba9f3439e75908942e6410) Importer(815301076,1909f56bfc062723c751e8b465ee728b) (PreviewImporter) -> (artifact id: '95f7f66cedb4da24f4494845e921603b') in 0.0091781 seconds
Number of updated asset objects reloaded before import = 0Number of asset objects unloaded after import = 7

========================================================================
Received Import Request.
  Time since last request: 0.000020 seconds.
  path: Assets/Happy Little Trees - Free nature pack by Nebula/Meshes/Foilage/Mushrooms/Mushroom_002.fbx
  artifactKey: Guid(bb12a6600605f9743aca3a821bef179d) Importer(815301076,1909f56bfc062723c751e8b465ee728b)
Start importing Assets/Happy Little Trees - Free nature pack by Nebula/Meshes/Foilage/Mushrooms/Mushroom_002.fbx using Guid(bb12a6600605f9743aca3a821bef179d) Importer(815301076,1909f56bfc062723c751e8b465ee728b) (PreviewImporter) -> (artifact id: 'c2256911f5ca2c5fd22fac0813dfb911') in 0.006468 seconds
Number of updated asset objects reloaded before import = 0Number of asset objects unloaded after import = 7

========================================================================
Received Import Request.
  Time since last request: 51.681215 seconds.
  path: Assets/HQP STUDIOS/Rocks and Terrains Pack - Low Poly/Prefabs/Rocks/Flat Rocks/Moss Flat Rocks/Flat_Moss_Rock_14.prefab
  artifactKey: Guid(1a951137ab3321147bb1e0fd67746e56) Importer(815301076,1909f56bfc062723c751e8b465ee728b)
Start importing Assets/HQP STUDIOS/Rocks and Terrains Pack - Low Poly/Prefabs/Rocks/Flat Rocks/Moss Flat Rocks/Flat_Moss_Rock_14.prefab using Guid(1a951137ab3321147bb1e0fd67746e56) Importer(815301076,1909f56bfc062723c751e8b465ee728b) (PreviewImporter) -> (artifact id: 'c118732387bdc7e21a1d48ef328c985d') in 0.0058915 seconds
Number of updated asset objects reloaded before import = 0Number of asset objects unloaded after import = 15

========================================================================
Received Import Request.
  Time since last request: 0.000019 seconds.
  path: Assets/HQP STUDIOS/Rocks and Terrains Pack - Low Poly/Models/Rocks/Flat Rocks/Moss Flat Rocks/Flat_Moss_Rock_15.fbx
  artifactKey: Guid(79b38af131a7c1b4d98d2541cf8e6b9c) Importer(815301076,1909f56bfc062723c751e8b465ee728b)
Start importing Assets/HQP STUDIOS/Rocks and Terrains Pack - Low Poly/Models/Rocks/Flat Rocks/Moss Flat Rocks/Flat_Moss_Rock_15.fbx using Guid(79b38af131a7c1b4d98d2541cf8e6b9c) Importer(815301076,1909f56bfc062723c751e8b465ee728b) (PreviewImporter) -> (artifact id: 'c55a5405bfb326f166fb12ea4d5baacd') in 0.009843 seconds
Number of updated asset objects reloaded before import = 0Number of asset objects unloaded after import = 9

========================================================================
Received Import Request.
  Time since last request: 0.000022 seconds.
  path: Assets/HQP STUDIOS/Rocks and Terrains Pack - Low Poly/Prefabs/Rocks/Flat Rocks/Moss Flat Rocks/Flat_Moss_Rock_16.prefab
  artifactKey: Guid(4c322489577fe5149a2c70183eb4e246) Importer(815301076,1909f56bfc062723c751e8b465ee728b)
Start importing Assets/HQP STUDIOS/Rocks and Terrains Pack - Low Poly/Prefabs/Rocks/Flat Rocks/Moss Flat Rocks/Flat_Moss_Rock_16.prefab using Guid(4c322489577fe5149a2c70183eb4e246) Importer(815301076,1909f56bfc062723c751e8b465ee728b) (PreviewImporter) -> (artifact id: 'e1f6fa1a3aac4ae85b43c5690f4922a3') in 0.0055288 seconds
Number of updated asset objects reloaded before import = 0Number of asset objects unloaded after import = 15

========================================================================
Received Import Request.
  Time since last request: 0.000019 seconds.
  path: Assets/HQP STUDIOS/Rocks and Terrains Pack - Low Poly/Models/Rocks/Flat Rocks/Moss Flat Rocks/Flat_Moss_Rock_16.fbx
  artifactKey: Guid(7adaf2e4c6621354fb077200bd5e8c1d) Importer(815301076,1909f56bfc062723c751e8b465ee728b)
Start importing Assets/HQP STUDIOS/Rocks and Terrains Pack - Low Poly/Models/Rocks/Flat Rocks/Moss Flat Rocks/Flat_Moss_Rock_16.fbx using Guid(7adaf2e4c6621354fb077200bd5e8c1d) Importer(815301076,1909f56bfc062723c751e8b465ee728b) (PreviewImporter) -> (artifact id: '294db66abc28bb9b5adfb54182fea298') in 0.0115242 seconds
Number of updated asset objects reloaded before import = 0Number of asset objects unloaded after import = 9

========================================================================
Received Import Request.
  Time since last request: 33.183345 seconds.
  path: Assets/Pure Poly/Free Low Poly Nature Pack/Meshes/PP_Rock_Pile_Forest_Moss_05.fbx
  artifactKey: Guid(b0ba9b7cecd675b45894beca57389899) Importer(815301076,1909f56bfc062723c751e8b465ee728b)
Start importing Assets/Pure Poly/Free Low Poly Nature Pack/Meshes/PP_Rock_Pile_Forest_Moss_05.fbx using Guid(b0ba9b7cecd675b45894beca57389899) Importer(815301076,1909f56bfc062723c751e8b465ee728b) (PreviewImporter) -> (artifact id: '2b8f0879716dedc773da436530cdbcdb') in 0.0073731 seconds
Number of updated asset objects reloaded before import = 0Number of asset objects unloaded after import = 7

========================================================================
Received Import Request.
  Time since last request: 449.701159 seconds.
  path: Assets/Happy Little Trees - Free nature pack by Nebula/Materials/Foilage/Grass/GrassYellow.mat
  artifactKey: Guid(e160df4b554d4584bad2cf39b508095d) Importer(815301076,1909f56bfc062723c751e8b465ee728b)
Start importing Assets/Happy Little Trees - Free nature pack by Nebula/Materials/Foilage/Grass/GrassYellow.mat using Guid(e160df4b554d4584bad2cf39b508095d) Importer(815301076,1909f56bfc062723c751e8b465ee728b) (PreviewImporter) -> (artifact id: '7d20616f63a31872854eae3c089db536') in 0.0069435 seconds
Number of updated asset objects reloaded before import = 0Number of asset objects unloaded after import = 2

